伝票日付,納期,仕入先コード,仕入先カナ,仕入先名,発注区分,品目コード,品目カナ,品目仕様＊,品目図番＊,数量,単価,金額,機種コード,機種カナ,伝票番号,データ区分
20230207,20230207,633,ｻﾝｷﾝ,サンキン株式会社,補用,3601105,ﾖﾋﾞﾅｴﾀﾞｲﾄﾘﾂｹﾊﾟｲﾌﾟ(4-34201,OPT4-34201-3+B,OPT4-34201-3+B,-40,105.0,-4200,36000.0,OPRA400ﾅｲﾁ ｸﾄﾞｳ ｳｴﾂｹ ｷｮｳﾂ, 00079,52
20230207,20230207,167,ﾔﾏﾄｼｷ,大和紙器株式会社　瀬戸内工場,補用,1313246,ﾀﾞﾝﾎﾞｰﾙ TF21MD,TF21MD-2902(2),TF21MD-2902(2),3,1365.0,4095,13100.0,ﾄﾁ, 00020,51
20230207,20230207,167,ﾔﾏﾄｼｷ,大和紙器株式会社　瀬戸内工場,,1313246,ﾀﾞﾝﾎﾞｰﾙ TF21MD,TF21MD-2902(2),TF21MD-2902(2),101,1365.0,137865,13100.0,ﾄﾁ, 00019,51
20230207,20230207,546,ﾆﾎﾝﾊﾟｰｶｰﾗｲｼﾞ,株式会社日本パーカーライジング　広島工場,,3026376,ﾀﾃｵｸﾘ ｶﾗｰ,LT-3205(1)+A,LT-3205(1)+A,405,3.86,1564,30200.0,LTD3F, 53998,51
20230207,20230207,153,ﾋｶﾘｼﾙｸ,有限会社ヒカリシルク,,4032169,ﾌﾞﾗｼﾀｶｻﾏｰｸ,OC1-7104,OC1-7104,120,78.0,9360,40300.0,RC-20 ｼﾞｮｳﾖｳﾁｮｯﾊﾟｰｹｲﾖｳｷ, 52997,51
20230207,20230207,153,ﾋｶﾘｼﾙｸ,有限会社ヒカリシルク,,4032167,ﾒｲｼｮｳﾏｰｸ,OC1-7102,OC1-7102,30,420.0,12600,40300.0,RC-20 ｼﾞｮｳﾖｳﾁｮｯﾊﾟｰｹｲﾖｳｷ, 52996,51
20230207,20230207,153,ﾋｶﾘｼﾙｸ,有限会社ヒカリシルク,,4032171,ﾊｿﾝｹｲｺｸﾏｰｸ,OC1-7111,OC1-7111,120,84.0,10080,40300.0,RC-20 ｼﾞｮｳﾖｳﾁｮｯﾊﾟｰｹｲﾖｳｷ, 52998,51
20230207,20230207,153,ﾋｶﾘｼﾙｸ,有限会社ヒカリシルク,,4032172,ｶﾘﾊﾞｹｲｺｸﾏｰｸ,OC1-7112,OC1-7112,60,228.0,13680,40300.0,RC-20 ｼﾞｮｳﾖｳﾁｮｯﾊﾟｰｹｲﾖｳｷ, 52999,51
20230207,20230207,153,ﾋｶﾘｼﾙｸ,有限会社ヒカリシルク,,4032174,ﾉﾙﾅﾏｰｸ,OC1-7114,OC1-7114,60,66.0,3960,40300.0,RC-20 ｼﾞｮｳﾖｳﾁｮｯﾊﾟｰｹｲﾖｳｷ, 53001,51
20230207,20230207,153,ﾋｶﾘｼﾙｸ,有限会社ヒカリシルク,,4032236,ﾒﾓﾘﾏｰｸ,OC1-7103(1),OC1-7103(1),60,360.0,21600,40300.0,RC-20 ｼﾞｮｳﾖｳﾁｮｯﾊﾟｰｹｲﾖｳｷ, 53004,51
20230207,20230207,153,ﾋｶﾘｼﾙｸ,有限会社ヒカリシルク,,4032238,ｶﾀｼｷﾏｰｸ ｸﾎﾞﾀ,OC1-9691,OC1-9691,30,96.0,2880,40300.0,RC-20 ｼﾞｮｳﾖｳﾁｮｯﾊﾟｰｹｲﾖｳｷ, 53006,51
20230207,20230207,153,ﾋｶﾘｼﾙｸ,有限会社ヒカリシルク,,4032237,ｶﾀｼｷﾏｰｸ ﾐﾉﾙ,OC1-7101(1),OC1-7101(1),30,108.0,3240,40300.0,RC-20 ｼﾞｮｳﾖｳﾁｮｯﾊﾟｰｹｲﾖｳｷ, 53005,51
20230207,20230207,153,ﾋｶﾘｼﾙｸ,有限会社ヒカリシルク,,3034924,ｷﾀｲﾂﾘｲﾁﾏｰｸ,RXA60AM-51102,RXA60AM-51102,240,60.0,14400,30300.0,LPRH-6, 52947,51
20230207,20230207,62,ｾｲｺｳｼﾔ,㈱精巧社,,7000096,ﾏｰｸ(1､ｸﾎﾞﾀ),5K275-61851,5K275-61851,60,59.4,3564,70000.0,KP-201(ﾍﾞｼﾞﾗｲﾀﾞｰ), 52494,51
20230207,20230207,62,ｾｲｺｳｼﾔ,㈱精巧社,,4032230,ﾒｲｼｮｳﾏｰｸ･ｸﾎﾞﾀ,OC1-9671,OC1-9671,30,107.8,3234,40300.0,RC-20 ｼﾞｮｳﾖｳﾁｮｯﾊﾟｰｹｲﾖｳｷ, 52492,51
20230207,20230207,153,ﾋｶﾘｼﾙｸ,有限会社ヒカリシルク,,4032173,ｾｯｷﾝｹｲｺｸﾏｰｸ,OC1-7113,OC1-7113,180,348.0,62640,40300.0,RC-20 ｼﾞｮｳﾖｳﾁｮｯﾊﾟｰｹｲﾖｳｷ, 53000,51
20230207,20230207,161,ﾑﾛｶﾞﾌｱｽﾅ-,室賀ファスナー株式会社,,30205392,ﾀﾃｵｸﾘﾂﾞﾒ ｳｴ ｼﾞｸ(H11/8),X4-3209-2,X4-3209-2,8,39.0,312,30200.0,LTD3F, 53207,51
20230207,20230207,122,ﾐﾂﾎﾞｼﾍﾞﾙﾄ,三ツ星ベルト販賣株式会社,,3460003,ﾅｴｱﾝﾅｲﾊﾞﾝｿﾄ(ﾋﾀﾞﾘ),VPT466-22503L,VPT466-22503L,4,630.0,2520,34600.0,ﾄｼ                PR-4, 52686,51
20230207,20230207,122,ﾐﾂﾎﾞｼﾍﾞﾙﾄ,三ツ星ベルト販賣株式会社,,3460001,ﾅｴｱﾝﾅｲﾊﾞﾝｳﾁ(ﾋﾀﾞﾘ),VPT466-22504(1)L,VPT466-22504(1)L,4,630.0,2520,34600.0,ﾄｼ                PR-4, 52684,51
20230207,20230207,122,ﾐﾂﾎﾞｼﾍﾞﾙﾄ,三ツ星ベルト販賣株式会社,,3460004,ﾅｴｱﾝﾅｲﾊﾞﾝｿﾄ(ﾐｷﾞ),VPT466-22503R,VPT466-22503R,4,630.0,2520,34600.0,ﾄｼ                PR-4, 52687,51
20230207,20230207,122,ﾐﾂﾎﾞｼﾍﾞﾙﾄ,三ツ星ベルト販賣株式会社,,3460002,ﾅｴｱﾝﾅｲﾊﾞﾝｳﾁ(ﾐｷﾞ),VPT466-22504(1)R,VPT466-22504(1)R,4,630.0,2520,34600.0,ﾄｼ                PR-4, 52685,51
20230207,20230207,122,ﾐﾂﾎﾞｼﾍﾞﾙﾄ,三ツ星ベルト販賣株式会社,,3204270,ﾏﾙﾍﾞﾙﾄ (ﾎﾟﾘｳﾚﾀﾝ),LSPE4L-7002,LSPE4L-7002,10,292.0,2920,32000.0,LSPE-1 ﾃﾞﾝﾄﾞｳﾎﾟｯﾄﾊｼｭｷｾｯﾄ, 52674,51
20230207,20230207,281,ｶﾜｷﾀﾃﾞﾝｺｳ,川北電興株式会社,,13630051,ﾓｰﾀｰCP ﾊｰﾈｽｶｺｳｺﾐ ﾛｯﾄ50,TD2444G-127-8B15G,IDM80-3101(1)+A,50,12400.0,620000,13600.0,IDM-8, 53544,51
20230207,20230207,154,ﾐﾄﾖｷﾝｿﾞｸ,三豊金属株式会社,,347G102,ｼﾞｮｲﾝﾄﾊﾞﾝ(MIN138ｺ),SUS301CSP3/4H1.0X66X1M=23,OPR400-24716,138,49.5,6831,34700.0,OPR-4H(ｷﾖｳﾂｳ), 59292,51
20230207,20230207,194,ﾏﾙﾔﾏｻﾝｷﾞﾖｳ,丸山産業株式会社,,3600132D,ﾊﾝｿｳﾍﾞﾙﾄﾁｮｳCP,OPR400-25301(1),OPR400-25301(1),128,2065.0,264320,36000.0,OPRA400ﾅｲﾁ ｸﾄﾞｳ ｳｴﾂｹ ｷｮｳﾂ, 53396,51
20230207,20230207,194,ﾏﾙﾔﾏｻﾝｷﾞﾖｳ,丸山産業株式会社,,3600133D,ﾊﾝｿｳﾍﾞﾙﾄCP,OPR400-25302(1),OPR400-25302(1),128,1934.0,247552,36000.0,OPRA400ﾅｲﾁ ｸﾄﾞｳ ｳｴﾂｹ ｷｮｳﾂ, 53398,51
20230207,20230207,122,ﾐﾂﾎﾞｼﾍﾞﾙﾄ,三ツ星ベルト販賣株式会社,補用,3460003,ﾅｴｱﾝﾅｲﾊﾞﾝｿﾄ(ﾋﾀﾞﾘ),VPT466-22503L,VPT466-22503L,20,630.0,12600,34600.0,ﾄｼ                PR-4, 57521,51
20230207,20230207,122,ﾐﾂﾎﾞｼﾍﾞﾙﾄ,三ツ星ベルト販賣株式会社,補用,3460001,ﾅｴｱﾝﾅｲﾊﾞﾝｳﾁ(ﾋﾀﾞﾘ),VPT466-22504(1)L,VPT466-22504(1)L,30,630.0,18900,34600.0,ﾄｼ                PR-4, 57519,51
20230207,20230207,122,ﾐﾂﾎﾞｼﾍﾞﾙﾄ,三ツ星ベルト販賣株式会社,補用,3460002,ﾅｴｱﾝﾅｲﾊﾞﾝｳﾁ(ﾐｷﾞ),VPT466-22504(1)R,VPT466-22504(1)R,30,630.0,18900,34600.0,ﾄｼ                PR-4, 57520,51
20230207,20230207,122,ﾐﾂﾎﾞｼﾍﾞﾙﾄ,三ツ星ベルト販賣株式会社,補用,3460004,ﾅｴｱﾝﾅｲﾊﾞﾝｿﾄ(ﾐｷﾞ),VPT466-22503R,VPT466-22503R,20,630.0,12600,34600.0,ﾄｼ                PR-4, 57522,51
20230207,20230207,122,ﾐﾂﾎﾞｼﾍﾞﾙﾄ,三ツ星ベルト販賣株式会社,補用,4320210,ｾﾋﾎｰｽｳﾁ,RXG800-26107,RXG800-26107,30,481.0,14430,43200.0,RXG-80 ｽｲｾﾝｿｳﾁｶﾝｹｲ, 51616,51
20230207,20230207,122,ﾐﾂﾎﾞｼﾍﾞﾙﾄ,三ツ星ベルト販賣株式会社,補用,3550032,ﾊｲｽｲﾎｰｽ ｼﾖｳ,LSCE6-6010+B,LSCE6-6010+B,50,911.0,45550,35500.0,LSCE-6, 51611,51
20230207,20230207,122,ﾐﾂﾎﾞｼﾍﾞﾙﾄ,三ツ星ベルト販賣株式会社,補用,43200201,ｾﾋﾎｰｽｿﾄ,RXG80-26106(1),RXG80-26106(1),50,501.0,25050,43200.0,RXG-80 ｽｲｾﾝｿｳﾁｶﾝｹｲ, 51613,51
20230207,20230207,122,ﾐﾂﾎﾞｼﾍﾞﾙﾄ,三ツ星ベルト販賣株式会社,補用,3330127,ﾊｲｽｲ ﾎｰｽ,LSCE3-1064+B(19/08),LSCE3-1064+B,30,467.0,14010,33300.0,LSCE-3 ﾎﾟﾂﾄﾅｴﾊﾞｺｾﾝｼﾞﾖｳｷ, 51607,51
20230207,20230207,122,ﾐﾂﾎﾞｼﾍﾞﾙﾄ,三ツ星ベルト販賣株式会社,補用,4320208,ｾﾋﾎｰｽｿﾄ,RXG800-26106,RXG800-26106,30,526.0,15780,43200.0,RXG-80 ｽｲｾﾝｿｳﾁｶﾝｹｲ, 51615,51
20230207,20230207,122,ﾐﾂﾎﾞｼﾍﾞﾙﾄ,三ツ星ベルト販賣株式会社,補用,43200641,ｾﾋﾎｰｽｳﾁ,RXG80-26107(1),RXG80-26107(1),30,458.0,13740,43200.0,RXG-80 ｽｲｾﾝｿｳﾁｶﾝｹｲ, 51614,51
20230207,20230207,122,ﾐﾂﾎﾞｼﾍﾞﾙﾄ,三ツ星ベルト販賣株式会社,補用,3550024,ﾊｲｽｲﾎｰｽ,LSCE6-4050+B,LSCE6-4050+B,50,1214.0,60700,35500.0,LSCE-6, 51610,51
20230207,20230207,153,ﾋｶﾘｼﾙｸ,有限会社ヒカリシルク,補用,4032167,ﾒｲｼｮｳﾏｰｸ,OC1-7102,OC1-7102,6,420.0,2520,40300.0,RC-20 ｼﾞｮｳﾖｳﾁｮｯﾊﾟｰｹｲﾖｳｷ, 57670,51
20230207,20230207,153,ﾋｶﾘｼﾙｸ,有限会社ヒカリシルク,補用,3601145,ﾖﾋﾞﾅｴﾀﾞｲｹｲｺｸﾏｰｸ,OPT4-51122,OPT4-51122,6,45.0,270,36000.0,OPRA400ﾅｲﾁ ｸﾄﾞｳ ｳｴﾂｹ ｷｮｳﾂ, 57669,51
20230207,20230207,153,ﾋｶﾘｼﾙｸ,有限会社ヒカリシルク,補用,3034924,ｷﾀｲﾂﾘｲﾁﾏｰｸ,RXA60AM-51102,RXA60AM-51102,8,60.0,480,30300.0,LPRH-6, 57657,51
20230207,20230207,153,ﾋｶﾘｼﾙｸ,有限会社ヒカリシルク,補用,3034924,ｷﾀｲﾂﾘｲﾁﾏｰｸ,RXA60AM-51102,RXA60AM-51102,10,60.0,600,30300.0,LPRH-6, 57659,51
20230207,20230207,153,ﾋｶﾘｼﾙｸ,有限会社ヒカリシルク,補用,4032173,ｾｯｷﾝｹｲｺｸﾏｰｸ,OC1-7113,OC1-7113,4,348.0,1392,40300.0,RC-20 ｼﾞｮｳﾖｳﾁｮｯﾊﾟｰｹｲﾖｳｷ, 57673,51
20230207,20230207,153,ﾋｶﾘｼﾙｸ,有限会社ヒカリシルク,補用,3034924,ｷﾀｲﾂﾘｲﾁﾏｰｸ,RXA60AM-51102,RXA60AM-51102,8,60.0,480,30300.0,LPRH-6, 57658,51
20230207,20230207,153,ﾋｶﾘｼﾙｸ,有限会社ヒカリシルク,補用,4032175,ｶﾘﾊﾞｾｯｼｮｸｹｲｺｸﾏｰｸ,OC1-7115,OC1-7115,4,90.0,360,40300.0,RC-20 ｼﾞｮｳﾖｳﾁｮｯﾊﾟｰｹｲﾖｳｷ, 57679,51
20230207,20230207,153,ﾋｶﾘｼﾙｸ,有限会社ヒカリシルク,補用,4032169,ﾌﾞﾗｼﾀｶｻﾏｰｸ,OC1-7104,OC1-7104,10,78.0,780,40300.0,RC-20 ｼﾞｮｳﾖｳﾁｮｯﾊﾟｰｹｲﾖｳｷ, 57671,51
20230207,20230207,153,ﾋｶﾘｼﾙｸ,有限会社ヒカリシルク,補用,4032241,ｿｳｻﾎｳﾎｳﾏｰｸ,OC1-7105(1),OC1-7105(1),6,372.0,2232,40300.0,RC-20 ｼﾞｮｳﾖｳﾁｮｯﾊﾟｰｹｲﾖｳｷ, 57689,51
20230207,20230207,153,ﾋｶﾘｼﾙｸ,有限会社ヒカリシルク,補用,4032243,ｼﾖｳｼﾞｮｳﾉﾁｭｳｲﾏｰｸ,OC1-7120,OC1-7120,5,426.0,2130,40300.0,RC-20 ｼﾞｮｳﾖｳﾁｮｯﾊﾟｰｹｲﾖｳｷ, 57691,51
20230207,20230207,153,ﾋｶﾘｼﾙｸ,有限会社ヒカリシルク,補用,4032242,ｼﾞｭｳﾖｳｺｳﾓｸﾏｰｸ,OC1-7119,OC1-7119,5,426.0,2130,40300.0,RC-20 ｼﾞｮｳﾖｳﾁｮｯﾊﾟｰｹｲﾖｳｷ, 57690,51
20230207,20230207,153,ﾋｶﾘｼﾙｸ,有限会社ヒカリシルク,補用,4032174,ﾉﾙﾅﾏｰｸ,OC1-7114,OC1-7114,4,66.0,264,40300.0,RC-20 ｼﾞｮｳﾖｳﾁｮｯﾊﾟｰｹｲﾖｳｷ, 57675,51
20230207,20230207,153,ﾋｶﾘｼﾙｸ,有限会社ヒカリシルク,補用,4032174,ﾉﾙﾅﾏｰｸ,OC1-7114,OC1-7114,4,66.0,264,40300.0,RC-20 ｼﾞｮｳﾖｳﾁｮｯﾊﾟｰｹｲﾖｳｷ, 57676,51
20230207,20230207,153,ﾋｶﾘｼﾙｸ,有限会社ヒカリシルク,補用,4032171,ﾊｿﾝｹｲｺｸﾏｰｸ,OC1-7111,OC1-7111,6,84.0,504,40300.0,RC-20 ｼﾞｮｳﾖｳﾁｮｯﾊﾟｰｹｲﾖｳｷ, 57672,51
20230207,20230207,153,ﾋｶﾘｼﾙｸ,有限会社ヒカリシルク,補用,4032236,ﾒﾓﾘﾏｰｸ,OC1-7103(1),OC1-7103(1),4,360.0,1440,40300.0,RC-20 ｼﾞｮｳﾖｳﾁｮｯﾊﾟｰｹｲﾖｳｷ, 57687,51
20230207,20230207,153,ﾋｶﾘｼﾙｸ,有限会社ヒカリシルク,補用,4032173,ｾｯｷﾝｹｲｺｸﾏｰｸ,OC1-7113,OC1-7113,4,348.0,1392,40300.0,RC-20 ｼﾞｮｳﾖｳﾁｮｯﾊﾟｰｹｲﾖｳｷ, 57674,51
20230207,20230207,153,ﾋｶﾘｼﾙｸ,有限会社ヒカリシルク,補用,4032213,ｶｲﾃﾝﾊﾞﾀｶｻﾏｰｸ,OC1-7116,OC1-7116,4,198.0,792,40300.0,RC-20 ｼﾞｮｳﾖｳﾁｮｯﾊﾟｰｹｲﾖｳｷ, 57685,51
20230207,20230207,153,ﾋｶﾘｼﾙｸ,有限会社ヒカリシルク,補用,4032213,ｶｲﾃﾝﾊﾞﾀｶｻﾏｰｸ,OC1-7116,OC1-7116,4,198.0,792,40300.0,RC-20 ｼﾞｮｳﾖｳﾁｮｯﾊﾟｰｹｲﾖｳｷ, 57684,51
20230207,20230207,153,ﾋｶﾘｼﾙｸ,有限会社ヒカリシルク,補用,4032213,ｶｲﾃﾝﾊﾞﾀｶｻﾏｰｸ,OC1-7116,OC1-7116,5,198.0,990,40300.0,RC-20 ｼﾞｮｳﾖｳﾁｮｯﾊﾟｰｹｲﾖｳｷ, 57683,51
20230207,20230207,153,ﾋｶﾘｼﾙｸ,有限会社ヒカリシルク,補用,4032175,ｶﾘﾊﾞｾｯｼｮｸｹｲｺｸﾏｰｸ,OC1-7115,OC1-7115,5,90.0,450,40300.0,RC-20 ｼﾞｮｳﾖｳﾁｮｯﾊﾟｰｹｲﾖｳｷ, 57681,51
20230207,20230207,153,ﾋｶﾘｼﾙｸ,有限会社ヒカリシルク,補用,4032175,ｶﾘﾊﾞｾｯｼｮｸｹｲｺｸﾏｰｸ,OC1-7115,OC1-7115,4,90.0,360,40300.0,RC-20 ｼﾞｮｳﾖｳﾁｮｯﾊﾟｰｹｲﾖｳｷ, 57682,51
20230207,20230207,153,ﾋｶﾘｼﾙｸ,有限会社ヒカリシルク,補用,4032175,ｶﾘﾊﾞｾｯｼｮｸｹｲｺｸﾏｰｸ,OC1-7115,OC1-7115,4,90.0,360,40300.0,RC-20 ｼﾞｮｳﾖｳﾁｮｯﾊﾟｰｹｲﾖｳｷ, 57680,51
20230207,20230207,153,ﾋｶﾘｼﾙｸ,有限会社ヒカリシルク,補用,4032175,ｶﾘﾊﾞｾｯｼｮｸｹｲｺｸﾏｰｸ,OC1-7115,OC1-7115,4,90.0,360,40300.0,RC-20 ｼﾞｮｳﾖｳﾁｮｯﾊﾟｰｹｲﾖｳｷ, 57678,51
20230207,20230207,153,ﾋｶﾘｼﾙｸ,有限会社ヒカリシルク,補用,4032175,ｶﾘﾊﾞｾｯｼｮｸｹｲｺｸﾏｰｸ,OC1-7115,OC1-7115,5,90.0,450,40300.0,RC-20 ｼﾞｮｳﾖｳﾁｮｯﾊﾟｰｹｲﾖｳｷ, 57677,51
20230207,20230207,153,ﾋｶﾘｼﾙｸ,有限会社ヒカリシルク,補用,4032236,ﾒﾓﾘﾏｰｸ,OC1-7103(1),OC1-7103(1),10,360.0,3600,40300.0,RC-20 ｼﾞｮｳﾖｳﾁｮｯﾊﾟｰｹｲﾖｳｷ, 57686,51
20230207,20230207,153,ﾋｶﾘｼﾙｸ,有限会社ヒカリシルク,補用,4032236,ﾒﾓﾘﾏｰｸ,OC1-7103(1),OC1-7103(1),4,360.0,1440,40300.0,RC-20 ｼﾞｮｳﾖｳﾁｮｯﾊﾟｰｹｲﾖｳｷ, 57688,51
20230207,20230207,62,ｾｲｺｳｼﾔ,㈱精巧社,補用,4032230,ﾒｲｼｮｳﾏｰｸ･ｸﾎﾞﾀ,OC1-9671,OC1-9671,10,107.8,1078,40300.0,RC-20 ｼﾞｮｳﾖｳﾁｮｯﾊﾟｰｹｲﾖｳｷ, 57415,51
20230207,20230207,154,ﾐﾄﾖｷﾝｿﾞｸ,三豊金属株式会社,補用,125G001,ﾊｱｸｶﾝｼﾒﾂｹｻﾞｶﾞﾈｼｮｳ,SUS304 0.4X18.0X1000=85,SY18-2111(1),1020,1.18,1204,12500.0,ﾖﾎ SY-18, 59352,51
20230207,20230207,513,ｻﾄｳｼｮｳｼﾞ,佐藤商事株式会社,,3480055,ﾌｧｲﾅﾙﾎｼﾞｮｼﾞｸｼﾞｮｲﾝﾄ,SCM415 ﾊﾟｲ32X40L,LTRS4-12031-2,80,62.0,4960,34800.0,OP-4, 55328,52
20230207,20230207,513,ｻﾄｳｼｮｳｼﾞ,佐藤商事株式会社,,3020288,ﾏｴｼｬｼﾞｸ,SCM415 ﾊﾟｲ36X225L,RX4-14011-3-1,120,351.0,42120,30200.0,LTD3F, 55321,52
20230207,20230207,513,ｻﾄｳｼｮｳｼﾞ,佐藤商事株式会社,,3014245,ｳｴﾂｹﾆｭｳﾘｮｸｷﾞﾔｰ25,SCM415 ﾊﾟｲ60X64L,KE3-11602,50,300.0,15000,30100.0,LPR4, 55309,52
20230207,20230207,623,ｲﾀﾉｷｺｳ,板野機工株式会社,,4215278,ｶﾗﾊﾞｺｵｸﾘﾎﾞｽｿﾄ,RXE6-25210-1,RXE6-25210-1,180,123.63,22254,42100.0,RXD-6 ｳｴﾂｹﾌﾞ ｵｶﾔﾏ, 56671,52
20230207,20230207,623,ｲﾀﾉｷｺｳ,板野機工株式会社,,4215280,ｶﾗﾊﾞｺｵｸﾘﾎﾞｽｳﾁ,RXE6-25208-1,RXE6-25208-1,180,235.25,42345,42100.0,RXD-6 ｳｴﾂｹﾌﾞ ｵｶﾔﾏ, 56672,52
20230207,20230207,633,ｻﾝｷﾝ,サンキン株式会社,,4215351,ﾖﾋﾞﾅｴｼｼﾞﾊﾟｲﾌﾟ,RXE60-32301-4,RXE60-32301-4,120,493.0,59160,42100.0,RXD-6 ｳｴﾂｹﾌﾞ ｵｶﾔﾏ, 56701,52
20230207,20230207,633,ｻﾝｷﾝ,サンキン株式会社,,4215355,ﾖﾋﾞﾅｴｼｼﾞｱｰﾑ,RXE60-32302-1,RXE60-32302-1,120,239.0,28680,42100.0,RXD-6 ｳｴﾂｹﾌﾞ ｵｶﾔﾏ, 56702,52
20230207,20230207,556,ﾏﾂﾀﾞｺｳｷﾞﾖｳ,松田工業株式会社,,3037224,ｽｲﾝｸﾞｱｰﾑ ｻｷﾎﾞｽ,RX6-31505-4,RX6-31505-4,30,364.0,10920,30300.0,LPRH-6, 55777,52
20230207,20230207,556,ﾏﾂﾀﾞｺｳｷﾞﾖｳ,松田工業株式会社,,42152531,ﾀﾃｵｸﾘｼﾞｸ(L),RXE6-21601-1,RXE6-21601-1,180,760.0,136800,42100.0,RXD-6 ｳｴﾂｹﾌﾞ ｵｶﾔﾏ, 55792,52
20230207,20230207,525,ﾗﾋﾟｰﾄ,株式会社ラピート,,3477544,ﾅｴﾉｾﾀﾞｲﾜｸ(R),VPR2-24602-1-1(2)R,VPR2-24602-1-1(2)R,4,6000.0,24000,34700.0,OPR-4H(ｷﾖｳﾂｳ), 55354,52
20230207,20230207,525,ﾗﾋﾟｰﾄ,株式会社ラピート,,3477541,ﾅｴﾉｾﾀﾞｲﾜｸ(L),VPR2-24602-1-1(2)L,VPR2-24602-1-1(2)L,4,6000.0,24000,34700.0,OPR-4H(ｷﾖｳﾂｳ), 55353,52
20230207,20230207,513,ｻﾄｳｼｮｳｼﾞ,佐藤商事株式会社,,4302243,ｳｴﾂｹｸﾗｯﾁﾎﾞｽ,SCM415 ﾊﾟｲ50X25L,RXG8-24112-1+B,50,100.0,5000,43000.0,RXA-8(ｷﾖｳﾂｳ), 55339,52
20230207,20230207,513,ｻﾄｳｼｮｳｼﾞ,佐藤商事株式会社,,4302245,ｳｴﾂｹｸﾗｯﾁｶﾑ,SCM415 ﾊﾟｲ52X30L,RXG8-24113+A,49,123.0,6027,43000.0,RXA-8(ｷﾖｳﾂｳ), 55340,52
20230207,20230207,595,ﾆｯﾃﾂﾌﾞｯｻﾝ,日鉄物産メカニカル鋼管販売株式会社,,3206082,ｱｼﾁｮｳｾﾂｼﾞｸ,LSPE4-7007,LSPE4-7007,60,87.0,5220,32000.0,LSPE-1 ﾃﾞﾝﾄﾞｳﾎﾟｯﾄﾊｼｭｷｾｯﾄ, 56163,52
20230207,20230207,595,ﾆｯﾃﾂﾌﾞｯｻﾝ,日鉄物産メカニカル鋼管販売株式会社,,3925530,ｿｳｺｳﾌﾚｰﾑﾀﾃ,GHE110-1101-1,GHE110-1101-1,60,633.0,37980,39200.0,GH-3(ｼｭｳｶｸﾀﾞｲｼｬ), 56188,52
20230207,20230207,595,ﾆｯﾃﾂﾌﾞｯｻﾝ,日鉄物産メカニカル鋼管販売株式会社,,3925532,ﾓｰﾀｰｼｼﾞﾊﾟｲﾌﾟ,GHE110-1101-4,GHE110-1101-4,30,260.0,7800,39200.0,GH-3(ｼｭｳｶｸﾀﾞｲｼｬ), 56190,52
20230207,20230207,595,ﾆｯﾃﾂﾌﾞｯｻﾝ,日鉄物産メカニカル鋼管販売株式会社,,3480600,ｽｲﾝｸﾞﾎｷﾖｳﾅｶ  ﾅﾅﾒｷﾞﾘ55ﾟ,OP2-61004-2,OP2-61004-2,20,323.42,6470,34800.0,OP-4, 56177,52
20230207,20230207,545,ﾆｼｵｶｺｳｻｸｼﾖ,有限会社西岡工作所,,3395902,ﾄｺﾂﾁｱﾝﾅｲﾊﾞﾝLCP,LSPA1-3004(1)L,LSPA1-3004(1)L,10,46.2,462,33900.0,LSPA-1, 55676,52
20230207,20230207,545,ﾆｼｵｶｺｳｻｸｼﾖ,有限会社西岡工作所,,3435126,ﾎｼﾞｮﾌﾚｰﾑｱｼ  (ﾚｯﾄﾞA),LSPE6-7002,LSPE6-7002,10,218.28,2183,34300.0,LSPE-6 ｷﾖｳﾂｳ, 55682,52
20230207,20230207,545,ﾆｼｵｶｺｳｻｸｼﾖ,有限会社西岡工作所,,3206064,ｼﾔﾂﾀｰ CP,LSPE4-4003,LSPE4-4003,20,155.0,3100,32000.0,LSPE-1 ﾃﾞﾝﾄﾞｳﾎﾟｯﾄﾊｼｭｷｾｯﾄ, 55656,52
20230207,20230207,545,ﾆｼｵｶｺｳｻｸｼﾖ,有限会社西岡工作所,,3705012,ﾜｲﾔｰｼﾒﾂｹﾊﾞﾝ,X2-1109,X2-1109,4,10.0,40,37000.0,VP-1 ｷﾖｳﾂｳ, 55738,52
20230207,20230207,545,ﾆｼｵｶｺｳｻｸｼﾖ,有限会社西岡工作所,,3705012,ﾜｲﾔｰｼﾒﾂｹﾊﾞﾝ,X2-1109,X2-1109,10,10.0,100,37000.0,VP-1 ｷﾖｳﾂｳ, 55737,52
20230207,20230207,545,ﾆｼｵｶｺｳｻｸｼﾖ,有限会社西岡工作所,,1355007,ﾁﾔﾝﾈﾙﾋﾂﾁ ｱﾀﾞﾌﾞﾀｰCP,IDT42-7106+A,IDT42-7106+A,30,1108.0,33240,13500.0,ﾄﾁ4 ID-T42, 55582,52
20230207,20230207,545,ﾆｼｵｶｺｳｻｸｼﾖ,有限会社西岡工作所,,3479131,ﾖﾋﾞﾅｴﾀﾞｲｱﾄﾄﾘﾂｹｻﾞ(ﾐｷﾞ)CP,OPC4-34211(2)R,OPC4-34211(2)R,26,999.0,25974,34700.0,OPR-4H(ｷﾖｳﾂｳ), 55719,52
20230207,20230207,545,ﾆｼｵｶｺｳｻｸｼﾖ,有限会社西岡工作所,,3395903,ﾄｺﾂﾁｱﾝﾅｲﾊﾞﾝRCP,LSPA1-3004(1)R,LSPA1-3004(1)R,10,46.2,462,33900.0,LSPA-1, 55677,52
20230207,20230207,545,ﾆｼｵｶｺｳｻｸｼﾖ,有限会社西岡工作所,,3265150,ﾅｴﾊﾞｺｶﾞｲﾄﾞCP,LSC-4123,LSC-4123,300,224.0,67200,32600.0,LSC-4 ｾﾝｼﾞｮｳｷ, 55668,52
20230207,20230207,545,ﾆｼｵｶｺｳｻｸｼﾖ,有限会社西岡工作所,,3479130,ﾖﾋﾞﾅｴﾀﾞｲｱﾄﾄﾘﾂｹｻﾞ(ﾋﾀﾞﾘ)CP,OPC4-34211(2)L,OPC4-34211(2)L,26,999.0,25974,34700.0,OPR-4H(ｷﾖｳﾂｳ), 55717,52
20230207,20230207,545,ﾆｼｵｶｺｳｻｸｼﾖ,有限会社西岡工作所,,3325007,ﾘﾝｸﾞｻﾞB,SC2-2101-3,SC2-2101-3,120,633.0,75960,33200.0,SC-1 ﾂﾁﾌﾙｲｷ, 55671,52
20230207,20230207,545,ﾆｼｵｶｺｳｻｸｼﾖ,有限会社西岡工作所,,3488073,ﾊﾈﾀﾞｼｼﾞｸ CP,VP2-34003-2CP,VP2-34003-2CP,10,52.0,520,34800.0,OP-4, 55726,52
20230207,20230207,545,ﾆｼｵｶｺｳｻｸｼﾖ,有限会社西岡工作所,,3478423,ｵｸﾘｼﾞｸCP,OPT4-27302(1),OPT4-27302(1),64,530.2,33933,34700.0,OPR-4H(ｷﾖｳﾂｳ), 55708,52
20230207,20230207,545,ﾆｼｵｶｺｳｻｸｼﾖ,有限会社西岡工作所,,3095750,ｼﾘﾝﾀﾞ- CP,LTP-3113(3),LTP-3113(3),8,56.0,448,30900.0,MRX-4, 55651,52
20230207,20230207,545,ﾆｼｵｶｺｳｻｸｼﾖ,有限会社西岡工作所,,3065304,ｿｳｺｳｸﾗｯﾁﾚﾊﾞｰﾋﾀﾞﾘCP,X2-1604(1),X2-1604(1),20,162.0,3240,30600.0,X-4, 55632,52
20230207,20230207,545,ﾆｼｵｶｺｳｻｸｼﾖ,有限会社西岡工作所,,3065307,ｿｳｺｳｸﾗｯﾁﾚﾊﾞｰﾐｷﾞCP,X2-1605(1),X2-1605(1),20,140.0,2800,30600.0,X-4, 55633,52
20230207,20230207,545,ﾆｼｵｶｺｳｻｸｼﾖ,有限会社西岡工作所,,3479058,ｱﾝﾅｲﾘﾝｲﾁﾏｰｶｰCP,OPC4-32115(1),OPC4-32115(1),13,209.0,2717,34700.0,OPR-4H(ｷﾖｳﾂｳ), 55709,52
20230207,20230207,545,ﾆｼｵｶｺｳｻｸｼﾖ,有限会社西岡工作所,,3265150,ﾅｴﾊﾞｺｶﾞｲﾄﾞCP,LSC-4123,LSC-4123,300,224.0,67200,32600.0,LSC-4 ｾﾝｼﾞｮｳｷ, 55669,52
20230207,20230207,597,ｴｲｼﾝｷﾝｿﾞｸ,栄進金属工業株式会社,,1415887,ﾊﾝﾄﾞﾙ CP    (ﾔﾊﾌﾞﾙ),PTS120-6101(1),PTS120-6101(1),100,926.0999999999999,92610,14100.0,ﾔﾊ PW-121, 56224,52
20230207,20230207,597,ｴｲｼﾝｷﾝｿﾞｸ,栄進金属工業株式会社,,1406901,ﾍﾞﾍﾞﾙ ｹｰｽ CP,PL110-5102+A,PL110-5102+A,100,226.0,22600,14000.0,PY-121, 56221,52
20230207,20230207,597,ｴｲｼﾝｷﾝｿﾞｸ,栄進金属工業株式会社,,3065097,ﾅｴｳｹｶﾑ,X4-3302-1,X4-3302-1,225,148.75,33469,30600.0,X-4, 56230,52
20230207,20230207,597,ｴｲｼﾝｷﾝｿﾞｸ,栄進金属工業株式会社,,1575710,ﾊｼﾕﾋﾟﾂﾁ ﾁﾖｳｾﾂﾊﾞﾝ(A) CP,PB12-2060(1)+B,PB12-2060(1)+B,100,245.0,24500,15700.0,PB-120 ﾍﾞﾙﾄｼｷ ﾔｻｲﾊｼﾕｷ, 56226,52
20230207,20230207,597,ｴｲｼﾝｷﾝｿﾞｸ,栄進金属工業株式会社,,1407001,ﾍﾞﾍﾞﾙｶﾊﾞｰﾌﾀ (ﾒｯｷﾂｷ),PY1-8102(1)+A,PY1-8102(1)+A,100,47.2,4720,14000.0,PY-121, 56222,52
20230207,20230207,597,ｴｲｼﾝｷﾝｿﾞｸ,栄進金属工業株式会社,,1575401,ﾋﾟﾂﾁﾁﾖｳｾﾂｻﾞCP(ﾒｯｷﾂｷ),PB120-2010+A,PB120-2010+A,100,320.96000000000004,32096,15700.0,PB-120 ﾍﾞﾙﾄｼｷ ﾔｻｲﾊｼﾕｷ, 56225,52
20230207,20230207,597,ｴｲｼﾝｷﾝｿﾞｸ,栄進金属工業株式会社,,1415879,ﾌｸﾄﾞﾊﾞﾝ (ﾔﾊﾌﾞﾙ),PW121-3201,PW121-3201,100,91.5,9150,14100.0,ﾔﾊ PW-121, 56223,52
20230207,20230207,583,ﾋﾞｾﾞﾝｵｰﾄ,株式会社ビゼンオート,,3475229,ｶｸｻﾞｶﾞﾈ 8.1X25X56X4.5,OPR4-24513,OPR4-24513,64,50.0,3200,34700.0,OPR-4H(ｷﾖｳﾂｳ), 56100,52
20230207,20230207,583,ﾋﾞｾﾞﾝｵｰﾄ,株式会社ビゼンオート,,3037287,ﾌｯｸ(ﾐｷﾞ)CP(ﾂﾘ),RX6-32310R+A,RX6-32310R+A,15,364.0,5460,30300.0,LPRH-6, 56066,52
20230207,20230207,583,ﾋﾞｾﾞﾝｵｰﾄ,株式会社ビゼンオート,,3037286,ﾌｯｸ(ﾋﾀﾞﾘ)CP(ﾂﾘ),RX6-32310L+A,RX6-32310L+A,15,364.0,5460,30300.0,LPRH-6, 56065,52
20230207,20230207,583,ﾋﾞｾﾞﾝｵｰﾄ,株式会社ビゼンオート,,1365709,ﾊﾟｲﾌﾟｶﾊﾞｰﾎｼﾞｮ,IDM80-1110,IDM80-1110,160,230.0,36800,13600.0,IDM-8, 56041,52
20230207,20230207,595,ﾆｯﾃﾂﾌﾞｯｻﾝ,日鉄物産メカニカル鋼管販売株式会社,,3936161,ﾃｽﾘﾖｺｻﾞﾝ,GW110-3203,GW110-3203,120,367.0,44040,39300.0,GW-10(ｻｷﾞｮｳﾀﾞｲｼｬ), 56197,52
20230207,20230207,633,ｻﾝｷﾝ,サンキン株式会社,,3465007,ﾌﾚｰﾑﾊﾟｲﾌﾟ(VP1-52001-1),VP1-52001-1,VP1-52001-1,8,244.0,1952,34600.0,ﾄｼ                PR-4, 56689,52
20230207,20230207,528,ｾｲﾐﾂｽﾌﾟﾘﾝｸﾞ,株式会社精密スプリング製作所,,3471050,ﾊﾈﾀﾞｼﾊﾞﾝ ﾊﾞﾈ,VPC2-34002,VPC2-34002,120,194.0,23280,34700.0,OPR-4H(ｷﾖｳﾂｳ), 53744,51
20230207,20230207,528,ｾｲﾐﾂｽﾌﾟﾘﾝｸﾞ,株式会社精密スプリング製作所,,3060243,ﾌﾛｰﾄﾎｼﾞｮﾊﾞﾈ,RX4-25065,RX4-25065,60,40.0,2400,30600.0,X-4, 53718,51
20230207,20230207,528,ｾｲﾐﾂｽﾌﾟﾘﾝｸﾞ,株式会社精密スプリング製作所,,3141235,ｸﾗｯﾁﾊﾞﾈ VE10-3021,VE10-3021,VE10-3021,360,98.0,35280,31400.0,ｶｲﾃﾝ ﾊｼｭｷ, 53730,51
20230207,20230207,528,ｾｲﾐﾂｽﾌﾟﾘﾝｸﾞ,株式会社精密スプリング製作所,,3641005,ｾﾋｸﾗｯﾁﾓﾄﾞｼﾊﾞﾈ,NC630-2205,NC630-2205,60,42.6,2556,36400.0,LAFD2(ﾅｲﾁ), 53763,51
20230207,20230207,545,ﾆｼｵｶｺｳｻｸｼﾖ,有限会社西岡工作所,,3395303,ﾊﾞﾈ ｵｻｴ,LSPA1-2012,LSPA1-2012,40,11.0,440,33900.0,LSPA-1, 53932,51
20230207,20230207,545,ﾆｼｵｶｺｳｻｸｼﾖ,有限会社西岡工作所,,3195150,ｵｻｴﾛ-ﾙｿｸﾊﾞﾝ,LSP-2205(1),LSP-2205(1),20,22.0,440,31900.0,LSP-2 ﾎﾟｯﾄﾊｼｭｷｾｯﾄ, 53923,51
20230207,20230207,545,ﾆｼｵｶｺｳｻｸｼﾖ,有限会社西岡工作所,,3195150,ｵｻｴﾛ-ﾙｿｸﾊﾞﾝ,LSP-2205(1),LSP-2205(1),60,22.0,1320,31900.0,LSP-2 ﾎﾟｯﾄﾊｼｭｷｾｯﾄ, 53924,51
20230207,20230207,545,ﾆｼｵｶｺｳｻｸｼﾖ,有限会社西岡工作所,,3195150,ｵｻｴﾛ-ﾙｿｸﾊﾞﾝ,LSP-2205(1),LSP-2205(1),60,22.0,1320,31900.0,LSP-2 ﾎﾟｯﾄﾊｼｭｷｾｯﾄ, 53925,51
20230207,20230207,545,ﾆｼｵｶｺｳｻｸｼﾖ,有限会社西岡工作所,,3215125,ﾄｺﾂﾁｱﾝﾅｲﾊﾞﾝ,LSA-1315(1),LSA-1315(1),120,17.0,2040,32100.0,LSA-1, 53928,51
20230207,20230207,545,ﾆｼｵｶｺｳｻｸｼﾖ,有限会社西岡工作所,,3215125,ﾄｺﾂﾁｱﾝﾅｲﾊﾞﾝ,LSA-1315(1),LSA-1315(1),20,17.0,340,32100.0,LSA-1, 53927,51
20230207,20230207,545,ﾆｼｵｶｺｳｻｸｼﾖ,有限会社西岡工作所,,3488069,ﾊﾈﾀﾞｼﾛｰﾗｰｱｰﾑ CP,VP2-34004-1+B,VP2-34004-1+B,24,17.46,420,34800.0,OP-4, 53970,51
20230207,20230207,545,ﾆｼｵｶｺｳｻｸｼﾖ,有限会社西岡工作所,,4205299,ﾖﾋﾞﾅｴﾀﾞｲﾊﾟｲﾌﾟ,RXB6-52301-1+A,RXB6-52301-1+A,1440,10.0,14400,42000.0,RXCH-6 ｳｴﾂｹﾌﾞ ﾎｯｶｲﾄﾞｳ, 53986,51
20230207,20230207,545,ﾆｼｵｶｺｳｻｸｼﾖ,有限会社西岡工作所,,3486085,ｼｭﾍﾝｿｸﾛｯﾄCP(ﾂﾘ),OP2-54002(1),OP2-54002(1),20,220.0,4400,34800.0,OP-4, 53965,51
20230207,20230207,545,ﾆｼｵｶｺｳｻｸｼﾖ,有限会社西岡工作所,,3486140,ﾕｱﾂﾛｯﾄｶﾅｸﾞﾏｴ CP,OP2-65004,OP2-65004,20,15.0,300,34800.0,OP-4, 53966,51
20230207,20230207,572,ﾖﾘﾃﾂｺｳｼﾖ,有限会社頼鉄工所,,4035237,ﾆｭｳﾘｮｸｼﾞｸCP(ｹﾝﾏ),OC1-1204,OC1-1204,60,800.0,48000,40300.0,RC-20 ｼﾞｮｳﾖｳﾁｮｯﾊﾟｰｹｲﾖｳｷ, 54989,51
20230207,20230207,597,ｴｲｼﾝｷﾝｿﾞｸ,栄進金属工業株式会社,,3037392,ﾆｼﾞｮｳｸﾗﾂﾁﾜｲﾔｰﾄﾘﾂｹｻﾞ,RX6-22101-1,RX6-22101-1,225,1.0,225,30300.0,LPRH-6, 55022,51
20230207,20230207,583,ﾋﾞｾﾞﾝｵｰﾄ,株式会社ビゼンオート,,4035251,ﾖｱﾂﾆｶﾞｼCP,OC1-1126(2),OC1-1126(2),120,396.0,47520,40300.0,RC-20 ｼﾞｮｳﾖｳﾁｮｯﾊﾟｰｹｲﾖｳｷ, 55004,51
20230207,20230207,516,ｱｻﾉﾊｸﾞﾙﾏ,株式会社浅野歯車製作所,,4215300,ﾆｭｳﾘｮｸｷﾞﾔ32,RXE60-11207,RXE60-11207,15,781.0,11715,42100.0,RXD-6 ｳｴﾂｹﾌﾞ ｵｶﾔﾏ, 25489,51
20230207,20230207,516,ｱｻﾉﾊｸﾞﾙﾏ,株式会社浅野歯車製作所,,4215300,ﾆｭｳﾘｮｸｷﾞﾔ32,RXE60-11207,RXE60-11207,50,781.0,39050,42100.0,RXD-6 ｳｴﾂｹﾌﾞ ｵｶﾔﾏ, 25490,51
20230207,20230207,516,ｱｻﾉﾊｸﾞﾙﾏ,株式会社浅野歯車製作所,,4215300,ﾆｭｳﾘｮｸｷﾞﾔ32,RXE60-11207,RXE60-11207,30,781.0,23430,42100.0,RXD-6 ｳｴﾂｹﾌﾞ ｵｶﾔﾏ, 44098,51
20230207,20230207,516,ｱｻﾉﾊｸﾞﾙﾏ,株式会社浅野歯車製作所,,4215297,ｱｲﾄﾞﾙｷﾞﾔ24,RXE60-11204,RXE60-11204,30,957.0,28710,42100.0,RXD-6 ｳｴﾂｹﾌﾞ ｵｶﾔﾏ, 44096,51
20230207,20230207,516,ｱｻﾉﾊｸﾞﾙﾏ,株式会社浅野歯車製作所,,4215295,ﾆｭｳﾘｮｸｷﾞﾔｰ24,RXE60-11202,RXE60-11202,50,512.0,25600,42100.0,RXD-6 ｳｴﾂｹﾌﾞ ｵｶﾔﾏ, 25484,51
20230207,20230207,516,ｱｻﾉﾊｸﾞﾙﾏ,株式会社浅野歯車製作所,,4215295,ﾆｭｳﾘｮｸｷﾞﾔｰ24,RXE60-11202,RXE60-11202,15,512.0,7680,42100.0,RXD-6 ｳｴﾂｹﾌﾞ ｵｶﾔﾏ, 25483,51
20230207,20230207,516,ｱｻﾉﾊｸﾞﾙﾏ,株式会社浅野歯車製作所,,4215297,ｱｲﾄﾞﾙｷﾞﾔ24,RXE60-11204,RXE60-11204,50,957.0,47850,42100.0,RXD-6 ｳｴﾂｹﾌﾞ ｵｶﾔﾏ, 25486,51
20230207,20230207,516,ｱｻﾉﾊｸﾞﾙﾏ,株式会社浅野歯車製作所,,4215297,ｱｲﾄﾞﾙｷﾞﾔ24,RXE60-11204,RXE60-11204,15,957.0,14355,42100.0,RXD-6 ｳｴﾂｹﾌﾞ ｵｶﾔﾏ, 25485,51
20230207,20230207,546,ﾆﾎﾝﾊﾟｰｶｰﾗｲｼﾞ,株式会社日本パーカーライジング　広島工場,,3065087,ｷﾞﾔｰｺﾃｲｶﾅｸﾞ,X4-3104(1),X4-3104(1),128,2.87,368,30600.0,X-4, 54014,51
20230207,20230207,546,ﾆﾎﾝﾊﾟｰｶｰﾗｲｼﾞ,株式会社日本パーカーライジング　広島工場,,3035194,ﾅｴﾊﾞｺｽﾄﾂﾊﾟｰﾂﾒ(L)CP,LPRH6-23206(2)L+B,LPRH6-23206(2)L+B,64,19.6,1255,30300.0,LPRH-6, 54000,51
20230207,20230207,546,ﾆﾎﾝﾊﾟｰｶｰﾗｲｼﾞ,株式会社日本パーカーライジング　広島工場,,3035195,ﾅｴﾊﾞｺｽﾄﾂﾊﾟｰﾂﾒ(R)CP,LPRH6-23206(2)R+B,LPRH6-23206(2)R+B,64,19.6,1255,30300.0,LPRH-6, 54002,51
20230207,20230207,547,ｶﾅﾒｺｳｷﾞﾖｳ,要工業株式会社,,3815604,ｼｭﾂﾘｮｸｼﾞｸ,W4-3001(2),W4-3001(2),30,105.0,3150,38100.0,W-1(ﾁｴｱｰﾂｷ), 54106,51
20230207,20230207,547,ｶﾅﾒｺｳｷﾞﾖｳ,要工業株式会社,,4215036,ｶﾌﾞﾏｼﾌﾀｰﾚﾊﾞｰ,RXD6-11506-2,RXD6-11506-2,75,104.0,7800,42100.0,RXD-6 ｳｴﾂｹﾌﾞ ｵｶﾔﾏ, 54115,51
20230207,20230207,547,ｶﾅﾒｺｳｷﾞﾖｳ,要工業株式会社,,3655227,ｱｲﾄﾞﾙｷﾞﾔｰｼﾞｸ,MF2-9306,MF2-9306,30,98.0,2940,36500.0,MF-1 ﾏﾙﾁﾁｴｱｰ, 54102,51
20230207,20230207,547,ｶﾅﾒｺｳｷﾞﾖｳ,要工業株式会社,,3935347,ｲﾄﾞｳｼﾘﾝﾀﾞｰﾄﾘﾂｹｼﾞｸ,GW40-4120,GW40-4120,60,43.0,2580,39300.0,GW-10(ｻｷﾞｮｳﾀﾞｲｼｬ), 54110,51
20230207,20230207,547,ｶﾅﾒｺｳｷﾞﾖｳ,要工業株式会社,,1575601,ﾃﾞﾝﾄﾞｳｼﾞｸ,PB12-2051(1),PB12-2051(1),100,46.0,4600,15700.0,PB-120 ﾍﾞﾙﾄｼｷ ﾔｻｲﾊｼﾕｷ, 54051,51
20230207,20230207,547,ｶﾅﾒｺｳｷﾞﾖｳ,要工業株式会社,,3486079,ﾊﾝｿｳｼﾞｮｲﾝﾄｼﾞｸ,OP2-44015(1),OP2-44015(1),40,73.0,2920,34800.0,OP-4, 54095,51
20230207,20230207,547,ｶﾅﾒｺｳｷﾞﾖｳ,要工業株式会社,,1365713,ｼｭﾄﾞｳﾚﾊﾞｰLCP(ﾂﾘ),IDM80-5504L+A,IDM80-5504L+A,80,121.0,9680,13600.0,IDM-8, 54048,51
20230207,20230207,547,ｶﾅﾒｺｳｷﾞﾖｳ,要工業株式会社,,3486124,ｶｴｷﾞﾔｰ36,OP2-92011,OP2-92011,32,109.0,3488,34800.0,OP-4, 54097,51
20230207,20230207,547,ｶﾅﾒｺｳｷﾞﾖｳ,要工業株式会社,,4005073,ｻﾝｶｸﾊﾈ CP (ﾍﾞｰｷﾝｸﾞ ｸﾛ),CF40-00008(1),CF40-00008(1),64,55.0,3520,40000.0,ﾅｴﾄﾞｺ, 54113,51
20230207,20230207,547,ｶﾅﾒｺｳｷﾞﾖｳ,要工業株式会社,,3655013,ﾀﾞｲ1ｷﾞﾔｰCP,MF2-1103-4(2),MF2-1103-4(2),180,91.0,16380,36500.0,MF-1 ﾏﾙﾁﾁｴｱｰ, 54098,51
20230207,20230207,547,ｶﾅﾒｺｳｷﾞﾖｳ,要工業株式会社,,4035324,ｶｲﾃﾝﾊﾞｼﾞｸ,OC1-1103(2),OC1-1103(2),120,484.0,58080,40300.0,RC-20 ｼﾞｮｳﾖｳﾁｮｯﾊﾟｰｹｲﾖｳｷ, 54114,51
20230207,20230207,547,ｶﾅﾒｺｳｷﾞﾖｳ,要工業株式会社,,1365714,ｼｭﾄﾞｳﾚﾊﾞｰRCP(ﾂﾘ),IDM80-5504R+A,IDM80-5504R+A,80,121.0,9680,13600.0,IDM-8, 54049,51
20230207,20230207,547,ｶﾅﾒｺｳｷﾞﾖｳ,要工業株式会社,,3935206,ｼﾘﾝﾀﾞｰｼﾞｮｳｹﾞﾄﾘﾂｹﾋﾟﾝ,GW30-4114+A,GW30-4114+A,30,182.0,5460,39300.0,GW-10(ｻｷﾞｮｳﾀﾞｲｼｬ), 46251,51
20230207,20230207,547,ｶﾅﾒｺｳｷﾞﾖｳ,要工業株式会社,,3065233,ｶｴｷﾞﾔｰ17,X4-8206,X4-8206,26,121.0,3146,30600.0,X-4, 54071,51
20230207,20230207,547,ｶﾅﾒｺｳｷﾞﾖｳ,要工業株式会社,,3478006,ｸﾄﾞｳｷﾞﾔｰ17,OPT4-11109,OPT4-11109,32,121.0,3872,34700.0,OPR-4H(ｷﾖｳﾂｳ), 54080,51
20230207,20230207,287,ｵｵｼﾏ,株式会社オオシマ,,3831035,ﾀｲﾔｼｬﾘﾝ(ﾋﾀﾞﾘ),WH-400-7PRA250L,WH-400-7PRA250L,60,4840.0,290400,38300.0,MY-601, 53569,51
20230207,20230207,287,ｵｵｼﾏ,株式会社オオシマ,,3831038,ﾀｲﾔｼｬﾘﾝ(ﾐｷﾞ),WH-400-7PRA250R,WH-400-7PRA250R,60,4840.0,290400,38300.0,MY-601, 53570,51
20230207,20230207,170,ﾕｰｼﾝ,株式会社ユーシン,,3080062,ﾄﾘﾂｹｻﾞｺﾞﾑ(ｺﾞﾑﾊﾟｯｷﾝ),RXB6-41303,RXB6-41303,15,180.0,2700,30800.0,RXB-6, 53254,51
20230207,20230207,271,ﾀｷﾑﾗﾁﾖｸｾﾝｼﾖ,滝村直線所,,4020066,ﾊﾘｶﾞﾈ #12 L=1800MM,RBR20-1804,RBR20-1804,300,16.0,4800,40200.0,RBR-20(ｷﾖｳﾂｳ), 45767,51
20230207,20230207,260,ｲﾉｳｴﾃﾞﾝｷ,有限会社井上電気工業所,,3930382,ﾕｱﾂﾎﾟﾝﾌﾟﾕﾆｯﾄAY,GW41-4101+A,GW41-4101+A,30,288.0,8640,39300.0,GW-10(ｻｷﾞｮｳﾀﾞｲｼｬ), 53518,51
20230207,20230207,63,ｼﾝｾｲﾃﾞﾝｷ,新生電機株式会社,,3930412,ﾏｸﾂｷ ｸﾞﾛﾒｯﾄ SG-30B,GW30-1408(1)+A,GW30-1408(1)+A,200,30.0,6000,39300.0,GW-10(ｻｷﾞｮｳﾀﾞｲｼｬ), 52562,51
20230207,20230207,63,ｼﾝｾｲﾃﾞﾝｷ,新生電機株式会社,,3002004,ｲﾝｼﾕﾛﾂｸﾀｲ  251L(T-60S),CV-250,CV-250,200,4.73,946,30000.0,LR4 2ｶﾞﾀ ｼﾞﾖｳﾖｳ4ｼﾞﾖｳ ﾛｰﾀﾘ, 52501,51
20230207,20230207,63,ｼﾝｾｲﾃﾞﾝｷ,新生電機株式会社,,3002006,ｲﾝｼﾕﾛﾂｸﾀｲ  383L(T-50L),CV-350,CV-350,200,13.4,2680,30000.0,LR4 2ｶﾞﾀ ｼﾞﾖｳﾖｳ4ｼﾞﾖｳ ﾛｰﾀﾘ, 52505,51
20230207,20230207,84,ﾄｳｼﾝｷﾝｿﾞｸ,東伸金属工業株式会社,,3060306,ｵｼﾀﾞｼｹｰｽ L,X4-3102L,X4-3102L,400,168.17,67268,30600.0,X-4, 52615,51
20230207,20230207,84,ﾄｳｼﾝｷﾝｿﾞｸ,東伸金属工業株式会社,,3060307,ｵｼﾀﾞｼｹｰｽ R,X4-3102R,X4-3102R,400,175.06,70024,30600.0,X-4, 52616,51
20230207,20230207,56,ｻﾝﾜｾｲｷ,三和精機株式会社,,34701402,ﾍﾞﾔﾘﾝｸﾞ  BB6007DD,BB6007DD,BB6007DD,360,348.0,125280,34700.0,OPR-4H(ｷﾖｳﾂｳ), 52447,51
20230207,20230207,56,ｻﾝﾜｾｲｷ,三和精機株式会社,,3032301,ﾍﾞﾔﾘﾝｸﾞ  BB6905LL,BB6905DD,BB6905DD,120,354.0,42480,30300.0,LPRH-6, 52437,51
20230207,20230207,56,ｻﾝﾜｾｲｷ,三和精機株式会社,,30223072,ﾍﾞﾔﾘﾝｸﾞ  BB6205DD,BB6205DD,BB6205DD,240,252.0,60480,30200.0,LTD3F, 52420,51
20230207,20230207,56,ｻﾝﾜｾｲｷ,三和精機株式会社,,30223694,ﾍﾞﾔﾘﾝｸﾞ  BB6204DD,BB6204DD,BB6204DD,216,217.0,46872,30200.0,LTD3F, 52432,51
20230207,20230207,56,ｻﾝﾜｾｲｷ,三和精機株式会社,,3022214,ｵｲﾙｹﾞｰｼﾞ 2007,OG2007,OG2007,247,98.0,24206,30200.0,LTD3F, 52414,51
20230207,20230207,56,ｻﾝﾜｾｲｷ,三和精機株式会社,,3920098,ﾍﾞﾔﾘﾝｸﾞ  BB6004DD,BB6004DD,BB6004DD,240,207.0,49680,39200.0,GH-3(ｼｭｳｶｸﾀﾞｲｼｬ), 52456,51
20230207,20230207,118,ﾆｼｺﾞｳﾘｼﾖｳﾃﾝ,株式会社西郡商店,,3022229,ﾛｯﾄｴﾝﾄﾞ LHSA8,NMB-LHSA8,NMB-LHSA8,173,510.0,88230,30200.0,LTD3F, 52659,51
20230207,20230207,122,ﾐﾂﾎﾞｼﾍﾞﾙﾄ,三ツ星ベルト販賣株式会社,,34333021,ﾏﾙﾍﾞﾙﾄ 6ﾊﾟｲ,LSPE60-3006,LSPE60-3006,60,336.0,20160,34300.0,LSPE-6 ｷﾖｳﾂｳ, 52682,51
20230207,20230207,122,ﾐﾂﾎﾞｼﾍﾞﾙﾄ,三ツ星ベルト販賣株式会社,,3100027,ﾂﾁｵﾄｼﾌﾞﾗｼCP(3-5),MRX8-22608(2),MRX8-22608(2),90,640.0,57600,31000.0,MRX-8 ｷｮｳﾂｳ, 52668,51
20230207,20230207,122,ﾐﾂﾎﾞｼﾍﾞﾙﾄ,三ツ星ベルト販賣株式会社,,3141057,ﾏﾙﾍﾞﾙﾄ (ﾎﾟﾘｳﾚﾀﾝ)6ﾊﾟｲ,LSPE4-3006(1),LSPE4-3006(1),10,281.0,2810,31400.0,ｶｲﾃﾝ ﾊｼｭｷ, 52673,51
20230207,20230207,122,ﾐﾂﾎﾞｼﾍﾞﾙﾄ,三ツ星ベルト販賣株式会社,,3100027,ﾂﾁｵﾄｼﾌﾞﾗｼCP(3-5),MRX8-22608(2),MRX8-22608(2),360,640.0,230400,31000.0,MRX-8 ｷｮｳﾂｳ, 52669,51
20230207,20230207,122,ﾐﾂﾎﾞｼﾍﾞﾙﾄ,三ツ星ベルト販賣株式会社,,3210211,*ﾄｺﾂﾁﾁｮｳﾘｮｳﾌﾞﾗｼ(4-1),LSA-1404(1),LSA-1404(1),30,930.0,27900,32100.0,LSA-1, 52676,51
20230207,20230207,122,ﾐﾂﾎﾞｼﾍﾞﾙﾄ,三ツ星ベルト販賣株式会社,,3210211,*ﾄｺﾂﾁﾁｮｳﾘｮｳﾌﾞﾗｼ(4-1),LSA-1404(1),LSA-1404(1),40,930.0,37200,32100.0,LSA-1, 52675,51
20230207,20230207,122,ﾐﾂﾎﾞｼﾍﾞﾙﾄ,三ツ星ベルト販賣株式会社,,3141045,*ﾂﾁｵﾄｼﾌﾞﾗｼCP(4-13),LSPE4-1007(1)+A,LSPE4-1007(1)+A,10,840.0,8400,31400.0,ｶｲﾃﾝ ﾊｼｭｷ, 52672,51
20230207,20230207,122,ﾐﾂﾎﾞｼﾍﾞﾙﾄ,三ツ星ベルト販賣株式会社,,3493042,*ﾂﾁｵﾄｼﾌﾞﾗｼCP(5-17),OSE100-5002(1),OSE100-5002(1),100,1160.0,116000,34900.0,ﾀﾏﾈｷﾞﾊｼﾕｷ OSE-1, 52696,51
20230207,20230207,122,ﾐﾂﾎﾞｼﾍﾞﾙﾄ,三ツ星ベルト販賣株式会社,,3431311,*ﾂﾁｵﾄｼﾌﾞﾗｼCP(4-14),LSPE62-1031(1)+A,LSPE62-1031(1)+A,60,840.0,50400,34300.0,LSPE-6 ｷﾖｳﾂｳ, 52681,51
20230207,20230207,122,ﾐﾂﾎﾞｼﾍﾞﾙﾄ,三ツ星ベルト販賣株式会社,,3210213,*ﾄｺﾂﾁﾁｮｳﾘｮｳﾌﾞﾗｼCP(4-12),LSPA1-4001(1),LSPA1-4001(1),30,1250.0,37500,32100.0,LSA-1, 52678,51
20230207,20230207,122,ﾐﾂﾎﾞｼﾍﾞﾙﾄ,三ツ星ベルト販賣株式会社,,3210213,*ﾄｺﾂﾁﾁｮｳﾘｮｳﾌﾞﾗｼCP(4-12),LSPA1-4001(1),LSPA1-4001(1),40,1250.0,50000,32100.0,LSA-1, 52677,51
20230207,20230207,122,ﾐﾂﾎﾞｼﾍﾞﾙﾄ,三ツ星ベルト販賣株式会社,,3140379,*ｺﾃｲﾌﾞﾗｼCP(4-2),LSP-2105(1),LSP-2105(1),30,1540.0,46200,31400.0,ｶｲﾃﾝ ﾊｼｭｷ, 52671,51
20230207,20230207,122,ﾐﾂﾎﾞｼﾍﾞﾙﾄ,三ツ星ベルト販賣株式会社,,3140379,*ｺﾃｲﾌﾞﾗｼCP(4-2),LSP-2105(1),LSP-2105(1),50,1540.0,77000,31400.0,ｶｲﾃﾝ ﾊｼｭｷ, 52670,51
20230207,20230207,122,ﾐﾂﾎﾞｼﾍﾞﾙﾄ,三ツ星ベルト販賣株式会社,,4032184,ｶｷｱｹﾞﾌﾞﾗｼCP,OC1-1301(1)+A,OC1-1301(1)+A,360,1490.0,536400,40300.0,RC-20 ｼﾞｮｳﾖｳﾁｮｯﾊﾟｰｹｲﾖｳｷ, 52704,51
20230207,20230207,43,ｺﾊﾞﾔｼｷｺｳ,小林機工株式会社,,3630154,ｵｲﾙｼｰﾙ TC 17328,OSTC-17328,OSTC-17328,300,70.4,21120,36300.0,NA830(ｷﾖｳﾂｳ), 52276,51
20230207,20230207,43,ｺﾊﾞﾔｼｷｺｳ,小林機工株式会社,,3032111,ｵｲﾙｼｰﾙ  TC28478,OSTC-28478,OSTC-28478,100,53.5,5350,30300.0,LPRH-6, 52242,51
20230207,20230207,43,ｺﾊﾞﾔｼｷｺｳ,小林機工株式会社,,3032029,Oﾘﾝｸﾞ S-80,ORS-80,ORS-80,150,53.1,7965,30300.0,LPRH-6, 52240,51
20230207,20230207,43,ｺﾊﾞﾔｼｷｺｳ,小林機工株式会社,,30239741,ｸﾘｯﾌﾟ WF-80A,CLP-WF80A,CLP-WF80A,150,31.0,4650,30200.0,LTD3F, 52236,51
20230207,20230207,43,ｺﾊﾞﾔｼｷｺｳ,小林機工株式会社,,3022147,ｵｲﾙｼ-ﾙ TBFY 20329.5,OSTBFY-20329.5,OSTBFY-20329.5,150,102.0,15300,30200.0,LTD3F, 52227,51
20230207,20230207,43,ｺﾊﾞﾔｼｷｺｳ,小林機工株式会社,,3022033,Oﾘﾝｸﾞ S-46,ORS-46,ORS-46,500,11.6,5800,30200.0,LTD3F, 52203,51
20230207,20230207,43,ｺﾊﾞﾔｼｷｺｳ,小林機工株式会社,,1403063,ﾌﾗﾝｼﾞﾌﾞｯｼｭ,MB-80F1006,MB-80F1006,752,50.0,37600,14000.0,PY-121, 52193,51
20230207,20230207,43,ｺﾊﾞﾔｼｷｺｳ,小林機工株式会社,,3022106,ｵｲﾙｼ-ﾙ TC 12227,OSTC-12227,OSTC-12227,200,30.1,6020,30200.0,LTD3F, 52211,51
20230207,20230207,15,ｲｼﾊﾗﾊﾟﾂｷﾝｸﾞ,株式会社石原パッキング工業,,4032186,ﾊﾈﾖｹｽﾎﾟﾝｼﾞ,OC1-1134,OC1-1134,120,80.0,9600,40300.0,RC-20 ｼﾞｮｳﾖｳﾁｮｯﾊﾟｰｹｲﾖｳｷ, 51905,51
20230207,20230207,15,ｲｼﾊﾗﾊﾟﾂｷﾝｸﾞ,株式会社石原パッキング工業,,4032117,ﾍﾞﾍﾞﾙｹｰｽﾌﾀﾊﾟｯｷﾝ,OC1-1132,OC1-1132,120,60.0,7200,40300.0,RC-20 ｼﾞｮｳﾖｳﾁｮｯﾊﾟｰｹｲﾖｳｷ, 51899,51
20230207,20230207,15,ｲｼﾊﾗﾊﾟﾂｷﾝｸﾞ,株式会社石原パッキング工業,,4032120,ﾐｷﾞｼﾀｺﾞﾑｶﾊﾞｰ,OC1-3125,OC1-3125,60,410.0,24600,40300.0,RC-20 ｼﾞｮｳﾖｳﾁｮｯﾊﾟｰｹｲﾖｳｷ, 51900,51
20230207,20230207,15,ｲｼﾊﾗﾊﾟﾂｷﾝｸﾞ,株式会社石原パッキング工業,,4032121,ﾏｴｼﾀｺﾞﾑｶﾊﾞｰ,OC1-3123,OC1-3123,120,430.0,51600,40300.0,RC-20 ｼﾞｮｳﾖｳﾁｮｯﾊﾟｰｹｲﾖｳｷ, 51901,51
20230207,20230207,15,ｲｼﾊﾗﾊﾟﾂｷﾝｸﾞ,株式会社石原パッキング工業,,4032128,ｽｷﾏｳﾒｽﾎﾟﾝｼﾞ,OC1-3081,OC1-3081,120,350.0,42000,40300.0,RC-20 ｼﾞｮｳﾖｳﾁｮｯﾊﾟｰｹｲﾖｳｷ, 51902,51
20230207,20230207,15,ｲｼﾊﾗﾊﾟﾂｷﾝｸﾞ,株式会社石原パッキング工業,,4032178,ｶｲﾃﾝﾊﾞﾍﾞﾍﾞﾙｹｰｽﾊﾟｯｷﾝ,OC1-1129(1),OC1-1129(1),120,50.0,6000,40300.0,RC-20 ｼﾞｮｳﾖｳﾁｮｯﾊﾟｰｹｲﾖｳｷ, 51903,51
20230207,20230207,15,ｲｼﾊﾗﾊﾟﾂｷﾝｸﾞ,株式会社石原パッキング工業,,4032179,ｶｲﾃﾝﾊﾞﾄﾞﾛﾖｹ,OC1-1124,OC1-1124,120,150.0,18000,40300.0,RC-20 ｼﾞｮｳﾖｳﾁｮｯﾊﾟｰｹｲﾖｳｷ, 51904,51
20230207,20230207,15,ｲｼﾊﾗﾊﾟﾂｷﾝｸﾞ,株式会社石原パッキング工業,,4032193,ｶﾊﾞｰﾊﾟｯｷﾝ,OC1-3018,OC1-3018,60,35.0,2100,40300.0,RC-20 ｼﾞｮｳﾖｳﾁｮｯﾊﾟｰｹｲﾖｳｷ, 51906,51
20230207,20230207,15,ｲｼﾊﾗﾊﾟﾂｷﾝｸﾞ,株式会社石原パッキング工業,,4032194,ﾋﾀﾞﾘﾏｴｺﾞﾑｶﾊﾞｰ,OC1-3121(1),OC1-3121(1),60,350.0,21000,40300.0,RC-20 ｼﾞｮｳﾖｳﾁｮｯﾊﾟｰｹｲﾖｳｷ, 51907,51
20230207,20230207,15,ｲｼﾊﾗﾊﾟﾂｷﾝｸﾞ,株式会社石原パッキング工業,,4032195,ｳﾁｺﾞﾑｶﾊﾞｰﾐｷﾞ(19/10),OC1-3181(2)(19/10),OC1-3181(2),60,1900.0,114000,40300.0,RC-20 ｼﾞｮｳﾖｳﾁｮｯﾊﾟｰｹｲﾖｳｷ, 51908,51
20230207,20230207,15,ｲｼﾊﾗﾊﾟﾂｷﾝｸﾞ,株式会社石原パッキング工業,,4032197,ｳﾁｺﾞﾑｶﾊﾞｰﾅｶ(19/10),OC1-3182(2)(19/10),OC1-3182(2),60,2300.0,138000,40300.0,RC-20 ｼﾞｮｳﾖｳﾁｮｯﾊﾟｰｹｲﾖｳｷ, 51910,51
20230207,20230207,15,ｲｼﾊﾗﾊﾟﾂｷﾝｸﾞ,株式会社石原パッキング工業,,4032198,ｳﾁｺﾞﾑｶﾊﾞｰﾋﾀﾞﾘ,OC1-3183(2),OC1-3183(2),60,1900.0,114000,40300.0,RC-20 ｼﾞｮｳﾖｳﾁｮｯﾊﾟｰｹｲﾖｳｷ, 51911,51
20230207,20230207,15,ｲｼﾊﾗﾊﾟﾂｷﾝｸﾞ,株式会社石原パッキング工業,,4032199,ﾖｺﾊｲｼｭﾂｺｳｶﾊﾞｰ,OC1-3034,OC1-3034,60,200.0,12000,40300.0,RC-20 ｼﾞｮｳﾖｳﾁｮｯﾊﾟｰｹｲﾖｳｷ, 51912,51
20230207,20230207,15,ｲｼﾊﾗﾊﾟﾂｷﾝｸﾞ,株式会社石原パッキング工業,,4032202,ｶｷｱｹﾞｶﾊﾞｰ,OC1-3513(1),OC1-3513(1),120,350.0,42000,40300.0,RC-20 ｼﾞｮｳﾖｳﾁｮｯﾊﾟｰｹｲﾖｳｷ, 51913,51
20230207,20230207,15,ｲｼﾊﾗﾊﾟﾂｷﾝｸﾞ,株式会社石原パッキング工業,,4032219,ｱﾄﾊｲｼｭﾂｺｳｶﾊﾞｰ,OC1-3035,OC1-3035,60,120.0,7200,40300.0,RC-20 ｼﾞｮｳﾖｳﾁｮｯﾊﾟｰｹｲﾖｳｷ, 51914,51
20230207,20230207,15,ｲｼﾊﾗﾊﾟﾂｷﾝｸﾞ,株式会社石原パッキング工業,,4032196,ｽｷﾏｺﾞﾑ,OC1-3184(1),OC1-3184(1),300,280.0,84000,40300.0,RC-20 ｼﾞｮｳﾖｳﾁｮｯﾊﾟｰｹｲﾖｳｷ, 51909,51
20230207,20230207,62,ｾｲｺｳｼﾔ,㈱精巧社,,34730071,ﾁｭｳﾕﾏｰｸ ﾋﾀﾞﾘ ｶﾝｺｸｼﾖｳ,OPK4-81059L,OPK4-81059L,90,14.3,1287,34700.0,OPR-4H(ｷﾖｳﾂｳ), 52489,51
20230207,20230207,62,ｾｲｺｳｼﾔ,㈱精巧社,,3700014,EH092ｹｲｺｸﾏｰｸ ｶﾝｺｸ,VPC272-81025,VPC272-81025,10,44.0,440,37000.0,VP-1 ｷﾖｳﾂｳ, 52491,51
20230207,20230207,62,ｾｲｺｳｼﾔ,㈱精巧社,,34730081,ﾁｭｳﾕﾏｰｸ ﾐｷﾞ ｶﾝｺｸｼﾖｳ,OPK4-81059R,OPK4-81059R,90,14.3,1287,34700.0,OPR-4H(ｷﾖｳﾂｳ), 52490,51
20230207,20230207,62,ｾｲｺｳｼﾔ,㈱精巧社,,4230116,ｿﾄｼｬﾘﾝ ﾏｰｶﾏｰｸ,RXE60-99310,RXE60-99310,30,28.6,858,42300.0,RXEH-6ｸﾄﾞｳﾌﾞ (ｵｶﾔﾏ), 52493,51
20230207,20230207,42,ｷﾖｳﾜｺｳｷﾞﾖｳ,協和工業㈱,,4032214,ﾍｲｺｳｷｮｳﾘｮｸｾｯﾄﾋﾟﾝ,UVJP-SKP10-11,UVJP-SKP10-11,500,72.0,36000,40300.0,RC-20 ｼﾞｮｳﾖｳﾁｮｯﾊﾟｰｹｲﾖｳｷ, 52186,51
20230207,20230207,42,ｷﾖｳﾜｺｳｷﾞﾖｳ,協和工業㈱,,40200333,ﾘﾝｸﾞｽﾌﾟﾘﾝｸﾞ,UVJS-SRS12-00,UVJS-SRS12-00,100,15.0,1500,40200.0,RBR-20(ｷﾖｳﾂｳ), 52183,51
20230207,20230207,42,ｷﾖｳﾜｺｳｷﾞﾖｳ,協和工業㈱,,40200331,ｷｮｳﾘｮｸｾｯﾄﾋﾟﾝ,UVJP-SKP12-00,UVJP-SKP12-00,150,30.0,4500,40200.0,RBR-20(ｷﾖｳﾂｳ), 52182,51
20230207,20230207,42,ｷﾖｳﾜｺｳｷﾞﾖｳ,協和工業㈱,,4032114,ﾕﾆﾊﾞｰｻﾙｼﾞﾖｲﾝﾄ LOT80,UVJ-NC-10-00C-0,UVJ-NC-10-00C-0,240,1158.0,277920,40300.0,RC-20 ｼﾞｮｳﾖｳﾁｮｯﾊﾟｰｹｲﾖｳｷ, 52184,51
20230207,20230207,42,ｷﾖｳﾜｺｳｷﾞﾖｳ,協和工業㈱,,4020033,ﾕﾆﾊﾞｰｻﾙｼﾞﾖｲﾝﾄ(ｺﾞﾑｶﾊﾞｰﾂｷ),UVJ-NC-12-00C-0,UVJ-NC-12-00C-0,100,562.0,56200,40200.0,RBR-20(ｷﾖｳﾂｳ), 52181,51
20230207,20230207,143,ﾏﾙｶ,株式会社マルカ　機材部,,3022311,ﾍﾞﾔﾘﾝｸﾞ BB6201,BB6201,BB6201,420,85.0,35700,30200.0,LTD3F, 52898,51
20230207,20230207,182,ｶｻﾀﾆｽﾌﾟﾘﾝｸﾞ,株式会社笠谷スプリング工場,,4302070,ｸﾗｯﾁｽﾌﾟﾘﾝｸﾞ(100ｲﾘ),RXG8-25304+A,RXG8-25304+A,128,19.8,2535,43000.0,RXA-8(ｷﾖｳﾂｳ), 53348,51
20230207,20230207,182,ｶｻﾀﾆｽﾌﾟﾘﾝｸﾞ,株式会社笠谷スプリング工場,,36000191,ﾅｴｳｹﾛｰﾗｰﾊﾞﾈ (H25/10)(100ｲ,OPR400-24305(4),OPR400-24305(4),109,135.0,14715,36000.0,OPRA400ﾅｲﾁ ｸﾄﾞｳ ｳｴﾂｹ ｷｮｳﾂ, 53340,51
20230207,20230207,182,ｶｻﾀﾆｽﾌﾟﾘﾝｸﾞ,株式会社笠谷スプリング工場,,3480202,ｻﾞｶﾞﾈ 1.6X10.5X18 SK5(100,OP4-3811   1.6X10.5X18,OP4-3811,224,20.5,4592,34800.0,OP-4, 53333,51
20230207,20230207,182,ｶｻﾀﾆｽﾌﾟﾘﾝｸﾞ,株式会社笠谷スプリング工場,,3023351,ﾛｯｸ ﾊﾞﾈ(100ｲﾘ),LTP-3338,LTP-3338,104,14.0,1456,30200.0,LTD3F, 53276,51
20230207,20230207,182,ｶｻﾀﾆｽﾌﾟﾘﾝｸﾞ,株式会社笠谷スプリング工場,,3023010,ｻﾞｶﾞﾈ 9.0X15.5X1.0(100ｲﾘ),LT-3326,LT-3326,128,30.0,3840,30200.0,LTD3F, 53264,51
20230207,20230207,182,ｶｻﾀﾆｽﾌﾟﾘﾝｸﾞ,株式会社笠谷スプリング工場,,3023015,ｸﾗｯﾁﾊﾞﾝﾊﾞﾈ ﾎｼﾞｮ,LT-2402-4(1),LT-2402-4(1),20,59.9,1198,30200.0,LTD3F, 53267,51
20230207,20230207,182,ｶｻﾀﾆｽﾌﾟﾘﾝｸﾞ,株式会社笠谷スプリング工場,,3023014,ｸﾗｯﾁﾊﾞﾝﾊﾞﾈ(H14/7),LT-2402-1(2)H14/7,LT-2402-1(2),20,90.9,1818,30200.0,LTD3F, 53266,51
20230207,20230207,511,ｵｵﾓﾘｺｳｻﾞｲﾃﾝ,株式会社大森鋼材店,補用,4212056,ｼｬﾘﾝｹｰｽﾎｷｮｳ,SS400-F T6X19X40L,RXD6-13600-2,4,40.0,160,42100.0,RXD-6 ｳｴﾂｹﾌﾞ ｵｶﾔﾏ, 58583,52
20230207,20230207,511,ｵｵﾓﾘｺｳｻﾞｲﾃﾝ,株式会社大森鋼材店,補用,4212056,ｼｬﾘﾝｹｰｽﾎｷｮｳ,SS400-F T6X19X40L,RXD6-13600-2,4,40.0,160,42100.0,RXD-6 ｳｴﾂｹﾌﾞ ｵｶﾔﾏ, 58582,52
20230207,20230207,513,ｻﾄｳｼｮｳｼﾞ,佐藤商事株式会社,補用,3480055,ﾌｧｲﾅﾙﾎｼﾞｮｼﾞｸｼﾞｮｲﾝﾄ,SCM415 ﾊﾟｲ32X40L,LTRS4-12031-2,3,62.0,186,34800.0,OP-4, 58627,52
20230207,20230207,513,ｻﾄｳｼｮｳｼﾞ,佐藤商事株式会社,補用,4040347,ﾂｰｽｼｭﾂﾘｮｸｷﾞﾔｼﾞｸ,SCM415 ﾊﾟｲ22X172L,KW4-22205-1(1),10,112.0,1120,40400.0,RW40 ｼﾞｮｳﾖｳｽｲﾃﾞﾝｼﾞｮｿｳｷ ﾎﾝ, 58641,52
20230207,20230207,513,ｻﾄｳｼｮｳｼﾞ,佐藤商事株式会社,補用,4040347,ﾂｰｽｼｭﾂﾘｮｸｷﾞﾔｼﾞｸ,SCM415 ﾊﾟｲ22X172L,KW4-22205-1(1),4,112.0,448,40400.0,RW40 ｼﾞｮｳﾖｳｽｲﾃﾞﾝｼﾞｮｿｳｷ ﾎﾝ, 58640,52
20230207,20230207,633,ｻﾝｷﾝ,サンキン株式会社,補用,4215351,ﾖﾋﾞﾅｴｼｼﾞﾊﾟｲﾌﾟ,RXE60-32301-4,RXE60-32301-4,2,493.0,986,42100.0,RXD-6 ｳｴﾂｹﾌﾞ ｵｶﾔﾏ, 59157,52
20230207,20230207,633,ｻﾝｷﾝ,サンキン株式会社,補用,4215351,ﾖﾋﾞﾅｴｼｼﾞﾊﾟｲﾌﾟ,RXE60-32301-4,RXE60-32301-4,2,493.0,986,42100.0,RXD-6 ｳｴﾂｹﾌﾞ ｵｶﾔﾏ, 59156,52
20230207,20230207,525,ﾗﾋﾟｰﾄ,株式会社ラピート,補用,3477544,ﾅｴﾉｾﾀﾞｲﾜｸ(R),VPR2-24602-1-1(2)R,VPR2-24602-1-1(2)R,8,6000.0,48000,34700.0,OPR-4H(ｷﾖｳﾂｳ), 58650,52
20230207,20230207,525,ﾗﾋﾟｰﾄ,株式会社ラピート,補用,3477541,ﾅｴﾉｾﾀﾞｲﾜｸ(L),VPR2-24602-1-1(2)L,VPR2-24602-1-1(2)L,8,6000.0,48000,34700.0,OPR-4H(ｷﾖｳﾂｳ), 58649,52
20230207,20230207,528,ｾｲﾐﾂｽﾌﾟﾘﾝｸﾞ,株式会社精密スプリング製作所,補用,4305178,ｶﾗﾊﾞｺｶﾞｲﾄﾞﾊﾟｲﾌﾟ,RXA8-25201-1(2),RXA8-25201-1(2),50,203.6,10180,43000.0,RXA-8(ｷﾖｳﾂｳ), 58668,52
20230207,20230207,528,ｾｲﾐﾂｽﾌﾟﾘﾝｸﾞ,株式会社精密スプリング製作所,補用,4236007,ｴｷｿﾞｰｽﾄﾊﾟｲﾌﾟCP,RXE61-41134,RXE61-41134,3,3890.0,11670,42300.0,RXEH-6ｸﾄﾞｳﾌﾞ (ｵｶﾔﾏ), 58667,52
20230207,20230207,528,ｾｲﾐﾂｽﾌﾟﾘﾝｸﾞ,株式会社精密スプリング製作所,補用,4305178,ｶﾗﾊﾞｺｶﾞｲﾄﾞﾊﾟｲﾌﾟ,RXA8-25201-1(2),RXA8-25201-1(2),40,203.6,8144,43000.0,RXA-8(ｷﾖｳﾂｳ), 58669,52
20230207,20230207,595,ﾆｯﾃﾂﾌﾞｯｻﾝ,日鉄物産メカニカル鋼管販売株式会社,補用,3925532,ﾓｰﾀｰｼｼﾞﾊﾟｲﾌﾟ,GHE110-1101-4,GHE110-1101-4,2,260.0,520,39200.0,GH-3(ｼｭｳｶｸﾀﾞｲｼｬ), 58946,52
20230207,20230207,595,ﾆｯﾃﾂﾌﾞｯｻﾝ,日鉄物産メカニカル鋼管販売株式会社,補用,3925530,ｿｳｺｳﾌﾚｰﾑﾀﾃ,GHE110-1101-1,GHE110-1101-1,4,633.0,2532,39200.0,GH-3(ｼｭｳｶｸﾀﾞｲｼｬ), 58944,52
20230207,20230207,545,ﾆｼｵｶｺｳｻｸｼﾖ,有限会社西岡工作所,補用,3206064,ｼﾔﾂﾀｰ CP,LSPE4-4003,LSPE4-4003,5,155.0,775,32000.0,LSPE-1 ﾃﾞﾝﾄﾞｳﾎﾟｯﾄﾊｼｭｷｾｯﾄ, 58747,52
20230207,20230207,545,ﾆｼｵｶｺｳｻｸｼﾖ,有限会社西岡工作所,補用,3488076,ﾊﾈﾀﾞｼｼﾞｸ CP,VP2-34003-2CP,VP2-34003-2CP,10,52.0,520,34800.0,OP-4, 58770,52
20230207,20230207,545,ﾆｼｵｶｺｳｻｸｼﾖ,有限会社西岡工作所,補用,3488073,ﾊﾈﾀﾞｼｼﾞｸ CP,VP2-34003-2CP,VP2-34003-2CP,20,52.0,1040,34800.0,OP-4, 58769,52
20230207,20230207,583,ﾋﾞｾﾞﾝｵｰﾄ,株式会社ビゼンオート,補用,1365709,ﾊﾟｲﾌﾟｶﾊﾞｰﾎｼﾞｮ,IDM80-1110,IDM80-1110,80,230.0,18400,13600.0,IDM-8, 58883,52
20230207,20230207,583,ﾋﾞｾﾞﾝｵｰﾄ,株式会社ビゼンオート,補用,1365709,ﾊﾟｲﾌﾟｶﾊﾞｰﾎｼﾞｮ,IDM80-1110,IDM80-1110,40,230.0,9200,13600.0,IDM-8, 58882,52
20230207,20230207,583,ﾋﾞｾﾞﾝｵｰﾄ,株式会社ビゼンオート,補用,3037286,ﾌｯｸ(ﾋﾀﾞﾘ)CP(ﾂﾘ),RX6-32310L+A,RX6-32310L+A,5,364.0,1820,30300.0,LPRH-6, 58893,52
20230207,20230207,595,ﾆｯﾃﾂﾌﾞｯｻﾝ,日鉄物産メカニカル鋼管販売株式会社,補用,3936161,ﾃｽﾘﾖｺｻﾞﾝ,GW110-3203,GW110-3203,4,367.0,1468,39300.0,GW-10(ｻｷﾞｮｳﾀﾞｲｼｬ), 58948,52
20230207,20230207,528,ｾｲﾐﾂｽﾌﾟﾘﾝｸﾞ,株式会社精密スプリング製作所,補用,3641005,ｾﾋｸﾗｯﾁﾓﾄﾞｼﾊﾞﾈ,NC630-2205,NC630-2205,40,42.6,1704,36400.0,LAFD2(ﾅｲﾁ), 58106,51
20230207,20230207,528,ｾｲﾐﾂｽﾌﾟﾘﾝｸﾞ,株式会社精密スプリング製作所,補用,3141235,ｸﾗｯﾁﾊﾞﾈ VE10-3021,VE10-3021,VE10-3021,20,98.0,1960,31400.0,ｶｲﾃﾝ ﾊｼｭｷ, 58097,51
20230207,20230207,528,ｾｲﾐﾂｽﾌﾟﾘﾝｸﾞ,株式会社精密スプリング製作所,補用,3141235,ｸﾗｯﾁﾊﾞﾈ VE10-3021,VE10-3021,VE10-3021,30,98.0,2940,31400.0,ｶｲﾃﾝ ﾊｼｭｷ, 58096,51
20230207,20230207,528,ｾｲﾐﾂｽﾌﾟﾘﾝｸﾞ,株式会社精密スプリング製作所,補用,3060243,ﾌﾛｰﾄﾎｼﾞｮﾊﾞﾈ,RX4-25065,RX4-25065,10,40.0,400,30600.0,X-4, 58092,51
20230207,20230207,545,ﾆｼｵｶｺｳｻｸｼﾖ,有限会社西岡工作所,補用,3488069,ﾊﾈﾀﾞｼﾛｰﾗｰｱｰﾑ CP,VP2-34004-1+B,VP2-34004-1+B,10,17.46,175,34800.0,OP-4, 58164,51
20230207,20230207,583,ﾋﾞｾﾞﾝｵｰﾄ,株式会社ビゼンオート,補用,4035251,ﾖｱﾂﾆｶﾞｼCP,OC1-1126(2),OC1-1126(2),4,396.0,1584,40300.0,RC-20 ｼﾞｮｳﾖｳﾁｮｯﾊﾟｰｹｲﾖｳｷ, 58484,51
20230207,20230207,516,ｱｻﾉﾊｸﾞﾙﾏ,株式会社浅野歯車製作所,補用,4215295,ﾆｭｳﾘｮｸｷﾞﾔｰ24,RXE60-11202,RXE60-11202,2,512.0,1024,42100.0,RXD-6 ｳｴﾂｹﾌﾞ ｵｶﾔﾏ, 58060,51
20230207,20230207,516,ｱｻﾉﾊｸﾞﾙﾏ,株式会社浅野歯車製作所,補用,4215297,ｱｲﾄﾞﾙｷﾞﾔ24,RXE60-11204,RXE60-11204,10,957.0,9570,42100.0,RXD-6 ｳｴﾂｹﾌﾞ ｵｶﾔﾏ, 58062,51
20230207,20230207,547,ｶﾅﾒｺｳｷﾞﾖｳ,要工業株式会社,補用,1395266,ｱﾄｹｼﾄｳﾊﾞ,IDM4-7303-2(2),IDM4-7303-2(2),10,291.0,2910,13900.0,IDM-4, 58189,51
20230207,20230207,547,ｶﾅﾒｺｳｷﾞﾖｳ,要工業株式会社,補用,4035324,ｶｲﾃﾝﾊﾞｼﾞｸ,OC1-1103(2),OC1-1103(2),10,484.0,4840,40300.0,RC-20 ｼﾞｮｳﾖｳﾁｮｯﾊﾟｰｹｲﾖｳｷ, 58212,51
20230207,20230207,287,ｵｵｼﾏ,株式会社オオシマ,補用,3831038,ﾀｲﾔｼｬﾘﾝ(ﾐｷﾞ),WH-400-7PRA250R,WH-400-7PRA250R,12,4840.0,58080,38300.0,MY-601, 57986,51
20230207,20230207,287,ｵｵｼﾏ,株式会社オオシマ,補用,3831035,ﾀｲﾔｼｬﾘﾝ(ﾋﾀﾞﾘ),WH-400-7PRA250L,WH-400-7PRA250L,12,4840.0,58080,38300.0,MY-601, 57985,51
20230207,20230207,260,ｲﾉｳｴﾃﾞﾝｷ,有限会社井上電気工業所,補用,3930382,ﾕｱﾂﾎﾟﾝﾌﾟﾕﾆｯﾄAY,GW41-4101+A,GW41-4101+A,3,288.0,864,39300.0,GW-10(ｻｷﾞｮｳﾀﾞｲｼｬ), 57957,51
20230207,20230207,196,ｼｬﾘｮｳｷｷ,車輌機器株式会社,補用,3930475,ﾓｰﾀｰASSY,GW30-4101-1,GW30-4101-1,5,48400.0,242000,39300.0,GW-10(ｻｷﾞｮｳﾀﾞｲｼｬ), 51373,51
20230207,20230207,84,ﾄｳｼﾝｷﾝｿﾞｸ,東伸金属工業株式会社,補用,4230007,ｿﾄｼｬﾘﾝﾐｯｼｮﾝﾌﾀ,RXE60-13702+A,RXE60-13702+A,6,1092.0,6552,42300.0,RXEH-6ｸﾄﾞｳﾌﾞ (ｵｶﾔﾏ), 57486,51
20230207,20230207,84,ﾄｳｼﾝｷﾝｿﾞｸ,東伸金属工業株式会社,補用,4230006,ｿﾄｼｬﾘﾝﾐｯｼｮﾝﾎﾝﾀｲ,RXE60-13701,RXE60-13701,10,1609.0,16090,42300.0,RXEH-6ｸﾄﾞｳﾌﾞ (ｵｶﾔﾏ), 57485,51
20230207,20230207,56,ｻﾝﾜｾｲｷ,三和精機株式会社,補用,30223694,ﾍﾞﾔﾘﾝｸﾞ  BB6204DD,BB6204DD,BB6204DD,10,217.0,2170,30200.0,LTD3F, 57383,51
20230207,20230207,56,ｻﾝﾜｾｲｷ,三和精機株式会社,補用,34701402,ﾍﾞﾔﾘﾝｸﾞ  BB6007DD,BB6007DD,BB6007DD,8,348.0,2784,34700.0,OPR-4H(ｷﾖｳﾂｳ), 57397,51
20230207,20230207,56,ｻﾝﾜｾｲｷ,三和精機株式会社,補用,34701402,ﾍﾞﾔﾘﾝｸﾞ  BB6007DD,BB6007DD,BB6007DD,20,348.0,6960,34700.0,OPR-4H(ｷﾖｳﾂｳ), 57396,51
20230207,20230207,56,ｻﾝﾜｾｲｷ,三和精機株式会社,補用,30223072,ﾍﾞﾔﾘﾝｸﾞ  BB6205DD,BB6205DD,BB6205DD,30,252.0,7560,30200.0,LTD3F, 57380,51
20230207,20230207,56,ｻﾝﾜｾｲｷ,三和精機株式会社,補用,30223072,ﾍﾞﾔﾘﾝｸﾞ  BB6205DD,BB6205DD,BB6205DD,3,252.0,756,30200.0,LTD3F, 57379,51
20230207,20230207,56,ｻﾝﾜｾｲｷ,三和精機株式会社,補用,3022214,ｵｲﾙｹﾞｰｼﾞ 2007,OG2007,OG2007,5,98.0,490,30200.0,LTD3F, 57363,51
20230207,20230207,56,ｻﾝﾜｾｲｷ,三和精機株式会社,補用,3022214,ｵｲﾙｹﾞｰｼﾞ 2007,OG2007,OG2007,2,98.0,196,30200.0,LTD3F, 57362,51
20230207,20230207,56,ｻﾝﾜｾｲｷ,三和精機株式会社,補用,3022214,ｵｲﾙｹﾞｰｼﾞ 2007,OG2007,OG2007,3,98.0,294,30200.0,LTD3F, 57361,51
20230207,20230207,118,ﾆｼｺﾞｳﾘｼﾖｳﾃﾝ,株式会社西郡商店,補用,3022229,ﾛｯﾄｴﾝﾄﾞ LHSA8,NMB-LHSA8,NMB-LHSA8,50,510.0,25500,30200.0,LTD3F, 57498,51
20230207,20230207,118,ﾆｼｺﾞｳﾘｼﾖｳﾃﾝ,株式会社西郡商店,補用,3022229,ﾛｯﾄｴﾝﾄﾞ LHSA8,NMB-LHSA8,NMB-LHSA8,5,510.0,2550,30200.0,LTD3F, 57497,51
20230207,20230207,122,ﾐﾂﾎﾞｼﾍﾞﾙﾄ,三ツ星ベルト販賣株式会社,補用,3141057,ﾏﾙﾍﾞﾙﾄ (ﾎﾟﾘｳﾚﾀﾝ)6ﾊﾟｲ,LSPE4-3006(1),LSPE4-3006(1),60,281.0,16860,31400.0,ｶｲﾃﾝ ﾊｼｭｷ, 57515,51
20230207,20230207,122,ﾐﾂﾎﾞｼﾍﾞﾙﾄ,三ツ星ベルト販賣株式会社,補用,3141057,ﾏﾙﾍﾞﾙﾄ (ﾎﾟﾘｳﾚﾀﾝ)6ﾊﾟｲ,LSPE4-3006(1),LSPE4-3006(1),5,281.0,1405,31400.0,ｶｲﾃﾝ ﾊｼｭｷ, 57514,51
20230207,20230207,122,ﾐﾂﾎﾞｼﾍﾞﾙﾄ,三ツ星ベルト販賣株式会社,補用,3100027,ﾂﾁｵﾄｼﾌﾞﾗｼCP(3-5),MRX8-22608(2),MRX8-22608(2),80,640.0,51200,31000.0,MRX-8 ｷｮｳﾂｳ, 57509,51
20230207,20230207,122,ﾐﾂﾎﾞｼﾍﾞﾙﾄ,三ツ星ベルト販賣株式会社,補用,3100027,ﾂﾁｵﾄｼﾌﾞﾗｼCP(3-5),MRX8-22608(2),MRX8-22608(2),400,640.0,256000,31000.0,MRX-8 ｷｮｳﾂｳ, 57510,51
20230207,20230207,122,ﾐﾂﾎﾞｼﾍﾞﾙﾄ,三ツ星ベルト販賣株式会社,補用,3140379,*ｺﾃｲﾌﾞﾗｼCP(4-2),LSP-2105(1),LSP-2105(1),6,1540.0,9240,31400.0,ｶｲﾃﾝ ﾊｼｭｷ, 57512,51
20230207,20230207,122,ﾐﾂﾎﾞｼﾍﾞﾙﾄ,三ツ星ベルト販賣株式会社,補用,3140379,*ｺﾃｲﾌﾞﾗｼCP(4-2),LSP-2105(1),LSP-2105(1),5,1540.0,7700,31400.0,ｶｲﾃﾝ ﾊｼｭｷ, 57513,51
20230207,20230207,122,ﾐﾂﾎﾞｼﾍﾞﾙﾄ,三ツ星ベルト販賣株式会社,補用,4032184,ｶｷｱｹﾞﾌﾞﾗｼCP,OC1-1301(1)+A,OC1-1301(1)+A,30,1490.0,44700,40300.0,RC-20 ｼﾞｮｳﾖｳﾁｮｯﾊﾟｰｹｲﾖｳｷ, 57533,51
20230207,20230207,43,ｺﾊﾞﾔｼｷｺｳ,小林機工株式会社,補用,3440021,ｵｲﾙﾚｽ#80ﾌﾞﾂｼﾕ,80B-0610,MB-80B0610,200,30.0,6000,34400.0,LSPA-8, 57283,51
20230207,20230207,43,ｺﾊﾞﾔｼｷｺｳ,小林機工株式会社,補用,3032111,ｵｲﾙｼｰﾙ  TC28478,OSTC-28478,OSTC-28478,3,53.5,161,30300.0,LPRH-6, 57267,51
20230207,20230207,43,ｺﾊﾞﾔｼｷｺｳ,小林機工株式会社,補用,3022148,ｵｲﾙｼ-ﾙ TCFY 35526412,OSTCFY-35526412,OSTCFY-35526412,6,141.0,846,30200.0,LTD3F, 57259,51
20230207,20230207,43,ｺﾊﾞﾔｼｷｺｳ,小林機工株式会社,補用,3022148,ｵｲﾙｼ-ﾙ TCFY 35526412,OSTCFY-35526412,OSTCFY-35526412,6,141.0,846,30200.0,LTD3F, 57258,51
20230207,20230207,43,ｺﾊﾞﾔｼｷｺｳ,小林機工株式会社,補用,3022148,ｵｲﾙｼ-ﾙ TCFY 35526412,OSTCFY-35526412,OSTCFY-35526412,4,141.0,564,30200.0,LTD3F, 57257,51
20230207,20230207,43,ｺﾊﾞﾔｼｷｺｳ,小林機工株式会社,補用,3022148,ｵｲﾙｼ-ﾙ TCFY 35526412,OSTCFY-35526412,OSTCFY-35526412,4,141.0,564,30200.0,LTD3F, 57255,51
20230207,20230207,43,ｺﾊﾞﾔｼｷｺｳ,小林機工株式会社,補用,3022147,ｵｲﾙｼ-ﾙ TBFY 20329.5,OSTBFY-20329.5,OSTBFY-20329.5,50,102.0,5100,30200.0,LTD3F, 57254,51
20230207,20230207,43,ｺﾊﾞﾔｼｷｺｳ,小林機工株式会社,補用,3022000,Oﾘﾝｸﾞ P-5,ORP-5,ORP-5,500,2.5,1250,30200.0,LTD3F, 57219,51
20230207,20230207,43,ｺﾊﾞﾔｼｷｺｳ,小林機工株式会社,補用,3022148,ｵｲﾙｼ-ﾙ TCFY 35526412,OSTCFY-35526412,OSTCFY-35526412,4,141.0,564,30200.0,LTD3F, 57256,51
20230207,20230207,43,ｺﾊﾞﾔｼｷｺｳ,小林機工株式会社,補用,3022103,ｵｲﾙｼ-ﾙ TC 15257,OSTC-15257,OSTC-15257,10,38.0,380,30200.0,LTD3F, 57231,51
20230207,20230207,15,ｲｼﾊﾗﾊﾟﾂｷﾝｸﾞ,株式会社石原パッキング工業,補用,4032117,ﾍﾞﾍﾞﾙｹｰｽﾌﾀﾊﾟｯｷﾝ,OC1-1132,OC1-1132,10,60.0,600,40300.0,RC-20 ｼﾞｮｳﾖｳﾁｮｯﾊﾟｰｹｲﾖｳｷ, 57093,51
20230207,20230207,15,ｲｼﾊﾗﾊﾟﾂｷﾝｸﾞ,株式会社石原パッキング工業,補用,4032120,ﾐｷﾞｼﾀｺﾞﾑｶﾊﾞｰ,OC1-3125,OC1-3125,5,410.0,2050,40300.0,RC-20 ｼﾞｮｳﾖｳﾁｮｯﾊﾟｰｹｲﾖｳｷ, 57094,51
20230207,20230207,15,ｲｼﾊﾗﾊﾟﾂｷﾝｸﾞ,株式会社石原パッキング工業,補用,4032120,ﾐｷﾞｼﾀｺﾞﾑｶﾊﾞｰ,OC1-3125,OC1-3125,5,410.0,2050,40300.0,RC-20 ｼﾞｮｳﾖｳﾁｮｯﾊﾟｰｹｲﾖｳｷ, 57095,51
20230207,20230207,15,ｲｼﾊﾗﾊﾟﾂｷﾝｸﾞ,株式会社石原パッキング工業,補用,4032128,ｽｷﾏｳﾒｽﾎﾟﾝｼﾞ,OC1-3081,OC1-3081,10,350.0,3500,40300.0,RC-20 ｼﾞｮｳﾖｳﾁｮｯﾊﾟｰｹｲﾖｳｷ, 57096,51
20230207,20230207,15,ｲｼﾊﾗﾊﾟﾂｷﾝｸﾞ,株式会社石原パッキング工業,補用,4032178,ｶｲﾃﾝﾊﾞﾍﾞﾍﾞﾙｹｰｽﾊﾟｯｷﾝ,OC1-1129(1),OC1-1129(1),10,50.0,500,40300.0,RC-20 ｼﾞｮｳﾖｳﾁｮｯﾊﾟｰｹｲﾖｳｷ, 57097,51
20230207,20230207,15,ｲｼﾊﾗﾊﾟﾂｷﾝｸﾞ,株式会社石原パッキング工業,補用,4032179,ｶｲﾃﾝﾊﾞﾄﾞﾛﾖｹ,OC1-1124,OC1-1124,4,150.0,600,40300.0,RC-20 ｼﾞｮｳﾖｳﾁｮｯﾊﾟｰｹｲﾖｳｷ, 57098,51
20230207,20230207,15,ｲｼﾊﾗﾊﾟﾂｷﾝｸﾞ,株式会社石原パッキング工業,補用,4032186,ﾊﾈﾖｹｽﾎﾟﾝｼﾞ,OC1-1134,OC1-1134,10,80.0,800,40300.0,RC-20 ｼﾞｮｳﾖｳﾁｮｯﾊﾟｰｹｲﾖｳｷ, 57099,51
20230207,20230207,15,ｲｼﾊﾗﾊﾟﾂｷﾝｸﾞ,株式会社石原パッキング工業,補用,4032193,ｶﾊﾞｰﾊﾟｯｷﾝ,OC1-3018,OC1-3018,4,35.0,140,40300.0,RC-20 ｼﾞｮｳﾖｳﾁｮｯﾊﾟｰｹｲﾖｳｷ, 57100,51
20230207,20230207,15,ｲｼﾊﾗﾊﾟﾂｷﾝｸﾞ,株式会社石原パッキング工業,補用,4032195,ｳﾁｺﾞﾑｶﾊﾞｰﾐｷﾞ(19/10),OC1-3181(2)(19/10),OC1-3181(2),5,1900.0,9500,40300.0,RC-20 ｼﾞｮｳﾖｳﾁｮｯﾊﾟｰｹｲﾖｳｷ, 57101,51
20230207,20230207,15,ｲｼﾊﾗﾊﾟﾂｷﾝｸﾞ,株式会社石原パッキング工業,補用,4032195,ｳﾁｺﾞﾑｶﾊﾞｰﾐｷﾞ(19/10),OC1-3181(2)(19/10),OC1-3181(2),5,1900.0,9500,40300.0,RC-20 ｼﾞｮｳﾖｳﾁｮｯﾊﾟｰｹｲﾖｳｷ, 57102,51
20230207,20230207,15,ｲｼﾊﾗﾊﾟﾂｷﾝｸﾞ,株式会社石原パッキング工業,補用,3060102,ｺﾝﾍﾞｱｹｰｽﾌﾀ P/K,X4-2107,X4-2107,100,22.0,2200,30600.0,X-4, 57034,51
20230207,20230207,15,ｲｼﾊﾗﾊﾟﾂｷﾝｸﾞ,株式会社石原パッキング工業,補用,3060102,ｺﾝﾍﾞｱｹｰｽﾌﾀ P/K,X4-2107,X4-2107,10,22.0,220,30600.0,X-4, 57035,51
20230207,20230207,15,ｲｼﾊﾗﾊﾟﾂｷﾝｸﾞ,株式会社石原パッキング工業,補用,3060113,ｳｴﾌﾀP/K,RX6-21106,RX6-21106,12,4.4,53,30600.0,X-4, 57040,51
20230207,20230207,15,ｲｼﾊﾗﾊﾟﾂｷﾝｸﾞ,株式会社石原パッキング工業,補用,3060113,ｳｴﾌﾀP/K,RX6-21106,RX6-21106,10,4.4,44,30600.0,X-4, 57041,51
20230207,20230207,182,ｶｻﾀﾆｽﾌﾟﾘﾝｸﾞ,株式会社笠谷スプリング工場,補用,36000191,ﾅｴｳｹﾛｰﾗｰﾊﾞﾈ (H25/10)(100ｲ,OPR400-24305(4),OPR400-24305(4),300,135.0,40500,36000.0,OPRA400ﾅｲﾁ ｸﾄﾞｳ ｳｴﾂｹ ｷｮｳﾂ, 57879,51
20230207,20230207,182,ｶｻﾀﾆｽﾌﾟﾘﾝｸﾞ,株式会社笠谷スプリング工場,補用,4302070,ｸﾗｯﾁｽﾌﾟﾘﾝｸﾞ(100ｲﾘ),RXG8-25304+A,RXG8-25304+A,10,19.8,198,43000.0,RXA-8(ｷﾖｳﾂｳ), 57884,51
20230207,20230207,182,ｶｻﾀﾆｽﾌﾟﾘﾝｸﾞ,株式会社笠谷スプリング工場,補用,36000191,ﾅｴｳｹﾛｰﾗｰﾊﾞﾈ (H25/10)(100ｲ,OPR400-24305(4),OPR400-24305(4),600,135.0,81000,36000.0,OPRA400ﾅｲﾁ ｸﾄﾞｳ ｳｴﾂｹ ｷｮｳﾂ, 57880,51
20230207,20230207,182,ｶｻﾀﾆｽﾌﾟﾘﾝｸﾞ,株式会社笠谷スプリング工場,補用,3023351,ﾛｯｸ ﾊﾞﾈ(100ｲﾘ),LTP-3338,LTP-3338,60,14.0,840,30200.0,LTD3F, 57861,51
20230207,20230207,182,ｶｻﾀﾆｽﾌﾟﾘﾝｸﾞ,株式会社笠谷スプリング工場,補用,3023015,ｸﾗｯﾁﾊﾞﾝﾊﾞﾈ ﾎｼﾞｮ,LT-2402-4(1),LT-2402-4(1),30,59.9,1797,30200.0,LTD3F, 57855,51
20230207,20230207,182,ｶｻﾀﾆｽﾌﾟﾘﾝｸﾞ,株式会社笠谷スプリング工場,補用,3023014,ｸﾗｯﾁﾊﾞﾝﾊﾞﾈ(H14/7),LT-2402-1(2)H14/7,LT-2402-1(2),30,90.9,2727,30200.0,LTD3F, 57854,51
20230207,20230207,513,ｻﾄｳｼｮｳｼﾞ,佐藤商事株式会社,,3020165,ﾕｱﾂﾎﾟﾝﾌﾟｸﾄﾞｳﾎﾞｽ,SCM415 ﾊﾟｲ22X35L,RXE4-51401-2(1),220,31.0,6820,30200.0,LTD3F, 55320,52
20230207,20230207,513,ｻﾄｳｼｮｳｼﾞ,佐藤商事株式会社,,3020117,ｺｳﾘﾝｱｲﾄﾞﾙｷﾞﾔｰ16,SCM415 ﾊﾟｲ55X32L,RXE4-12301-1(1),445,142.0,63190,30200.0,LTD3F, 55313,52
20230207,20230207,513,ｻﾄｳｼｮｳｼﾞ,佐藤商事株式会社,,3020145,ｻｲﾄﾞｸﾗｯﾁﾚﾊﾞｰｼﾞｸ,S45C ﾊﾟｲ32X163L,RXE4-12203-1+A,440,186.0,81840,30200.0,LTD3F, 55318,52
20230207,20230207,513,ｻﾄｳｼｮｳｼﾞ,佐藤商事株式会社,,4040347,ﾂｰｽｼｭﾂﾘｮｸｷﾞﾔｼﾞｸ,SCM415 ﾊﾟｲ22X172L,KW4-22205-1(1),100,112.0,11200,40400.0,RW40 ｼﾞｮｳﾖｳｽｲﾃﾞﾝｼﾞｮｿｳｷ ﾎﾝ, 55335,52
20230207,20230207,513,ｻﾄｳｼｮｳｼﾞ,佐藤商事株式会社,,4040345,ﾂｰｽｼｭﾂﾘｮｸｷﾞﾔ40,SCM415 ﾊﾟｲ90X10L,KW6-22205-2,100,156.0,15600,40400.0,RW40 ｼﾞｮｳﾖｳｽｲﾃﾞﾝｼﾞｮｿｳｷ ﾎﾝ, 55334,52
20230207,20230207,513,ｻﾄｳｼｮｳｼﾞ,佐藤商事株式会社,,3020118,ｺｳﾘﾝｱｲﾄﾞﾙｷﾞﾔｰ50,SCM415 ﾊﾟｲ105X13L,RXE4-12301-2,445,255.0,113475,30200.0,LTD3F, 55314,52
20230207,20230207,513,ｻﾄｳｼｮｳｼﾞ,佐藤商事株式会社,,3014205,ｱﾄｼｬｼﾞｸ,SCM415 ﾊﾟｲ36X159L,KE3-12501-1,452,253.0,114356,30100.0,LPR4, 55306,52
20230207,20230207,513,ｻﾄｳｼｮｳｼﾞ,佐藤商事株式会社,,3014210,ｾﾞﾝｼｬｼﾞｸ,SCM415 ﾊﾟｲ36X159L,KE3-14011-3-1,100,253.0,25300,30100.0,LPR4, 55307,52
20230207,20230207,513,ｻﾄｳｼｮｳｼﾞ,佐藤商事株式会社,,4040344,ﾂｰｽｼｭﾂﾘｮｸｷﾞﾔ50,SCM415 ﾊﾟｲ105X10L,KW6-22205-3,100,214.0,21400,40400.0,RW40 ｼﾞｮｳﾖｳｽｲﾃﾞﾝｼﾞｮｿｳｷ ﾎﾝ, 55333,52
20230207,20230207,513,ｻﾄｳｼｮｳｼﾞ,佐藤商事株式会社,,3020115,ｺｳﾘﾝｱｲﾄﾞﾙｷﾞﾔｰ18,SCM415 ﾊﾟｲ44X26L,RXE4-11403-2(1),225,82.0,18450,30200.0,LTD3F, 55312,52
20230207,20230207,513,ｻﾄｳｼｮｳｼﾞ,佐藤商事株式会社,,3014244,ｷﾘｶｴｷﾞﾔｰ26,SCM415 ﾊﾟｲ60X10L,KE3-11605-2(1),105,78.0,8190,30100.0,LPR4, 55308,52
20230207,20230207,513,ｻﾄｳｼｮｳｼﾞ,佐藤商事株式会社,,3020114,ｺｳﾘﾝｱｲﾄﾞﾙｷﾞﾔｰ34,SCM415 ﾊﾟｲ75X13L,RXE4-11403-1,225,132.0,29700,30200.0,LTD3F, 55311,52
20230207,20230207,512,ｵｶﾔﾏｾｲｷ,岡山精機工業株式会社,,3488002,ｶﾑｼﾞｸ,VP2-25001-1(2),VP2-25001-1(2),4,2080.0,8320,34800.0,OP-4, 55302,52
20230207,20230207,566,ﾔﾏｻｷｹﾝﾏﾒﾂｷ,山崎研磨メッキ有限会社,,3935501,ｸﾄﾞｳｼｬﾘﾝｼﾞｸ,(ﾍﾞｰｷﾝｸﾞ),GW41-1306(1),30,446.0,13380,39300.0,GW-10(ｻｷﾞｮｳﾀﾞｲｼｬ), 54837,51
20230207,20230207,566,ﾔﾏｻｷｹﾝﾏﾒﾂｷ,山崎研磨メッキ有限会社,,3479057,ｱﾝﾅｲﾘﾝｱｰﾑﾓﾄｻﾞ, ,OPC4-32108,25,62.0,1550,34700.0,OPR-4H(ｷﾖｳﾂｳ), 54669,51
20230207,20230207,513,ｻﾄｳｼｮｳｼﾞ,佐藤商事株式会社,補用,3020165,ﾕｱﾂﾎﾟﾝﾌﾟｸﾄﾞｳﾎﾞｽ,SCM415 ﾊﾟｲ22X35L,RXE4-51401-2(1),50,31.0,1550,30200.0,LTD3F, 58621,52
20230207,20230207,513,ｻﾄｳｼｮｳｼﾞ,佐藤商事株式会社,補用,3020114,ｺｳﾘﾝｱｲﾄﾞﾙｷﾞﾔｰ34,SCM415 ﾊﾟｲ75X13L,RXE4-11403-1,9,132.0,1188,30200.0,LTD3F, 58604,52
20230207,20230207,513,ｻﾄｳｼｮｳｼﾞ,佐藤商事株式会社,補用,3020115,ｺｳﾘﾝｱｲﾄﾞﾙｷﾞﾔｰ18,SCM415 ﾊﾟｲ44X26L,RXE4-11403-2(1),9,82.0,738,30200.0,LTD3F, 58605,52
20230207,20230207,512,ｵｶﾔﾏｾｲｷ,岡山精機工業株式会社,補用,3488002,ｶﾑｼﾞｸ,VP2-25001-1(2),VP2-25001-1(2),6,1750.0,12480,34800.0,OP-4, 58598,52
20230207,20230207,22,ｵｵﾀｷﾝｿﾞｸ,太田金属株式会社,,3431338,ﾊｲﾄﾞﾊﾞﾝCP ﾌｯｿｺｰﾄ,LSPE62-3016,LSPE62-3016,60,450.0,27000,34300.0,LSPE-6 ｷﾖｳﾂｳ, 51921,51
20230207,20230207,125,ﾋｶﾘｹｲｷﾝｿﾞｸ,光軽金属工業株式会社,,4230125,ｳｴﾂｹｹｰｽﾌﾀ,RXE60-21103,RXE60-21103(ﾀﾞｲｶｽﾄ),225,724.0,162900,42300.0,RXEH-6ｸﾄﾞｳﾌﾞ (ｵｶﾔﾏ), 52859,51
20230207,20230207,242,ｴｲﾜ,株式会社栄和,,3024828,ﾛｯｸﾎｼﾞｮｶﾑﾚﾊﾞ-ﾄﾘﾂｹｻﾞ,LTP-3333-3,LTP-3333-3,2000,77.76,155520,30200.0,LTD3F, 53509,51
20230207,20230207,242,ｴｲﾜ,株式会社栄和,,3024247,ﾀﾞｲ3ｼﾞｸﾍﾞﾍﾞﾙｷﾞﾔｰ(ﾍﾞﾘｯｸ),LTR4-31057(1),LTR4-31057(1),3000,66.14,198420,30200.0,LTD3F, 53508,51
20230207,20230207,282,ﾅｶﾔﾏｺﾞｳｷﾝ,株式会社中山合金鋳造所,,30603331,ｺﾝﾍﾞｱｹｰｽ R H28/6,X4-2105(4)R,X4-2105(4)R,225,564.89,127101,30600.0,X-4, 53560,51
20230207,20230207,282,ﾅｶﾔﾏｺﾞｳｷﾝ,株式会社中山合金鋳造所,,3033530,ﾄﾞﾗﾑﾌﾀ,LPRH6-24204-1,LPRH6-24204-1,361,315.07,113741,30300.0,LPRH-6, 53547,51
20230207,20230207,282,ﾅｶﾔﾏｺﾞｳｷﾝ,株式会社中山合金鋳造所,,30603322,ｺﾝﾍﾞｱｹｰｽ L H28/6,RX6-21104(4)L,RX6-21104(4)L,225,643.52,144792,30600.0,X-4, 53559,51
20230207,20230207,282,ﾅｶﾔﾏｺﾞｳｷﾝ,株式会社中山合金鋳造所,,30603331,ｺﾝﾍﾞｱｹｰｽ R H28/6,X4-2105(4)R,X4-2105(4)R,200,564.89,112978,30600.0,X-4, 53561,51
20230207,20230207,124,ﾋﾗﾉ,株式会社ヒラノ,補用,3022286,ﾍﾞﾔﾘﾝｸﾞ BB6007,BB6007,BB6007,6,226.0,1356,30200.0,LTD3F, 57558,51
20230207,20230207,124,ﾋﾗﾉ,株式会社ヒラノ,補用,3022286,ﾍﾞﾔﾘﾝｸﾞ BB6007,BB6007,BB6007,6,226.0,1356,30200.0,LTD3F, 57559,51
20230207,20230207,124,ﾋﾗﾉ,株式会社ヒラノ,補用,3022286,ﾍﾞﾔﾘﾝｸﾞ BB6007,BB6007,BB6007,4,226.0,904,30200.0,LTD3F, 57556,51
20230207,20230207,124,ﾋﾗﾉ,株式会社ヒラノ,補用,3022286,ﾍﾞﾔﾘﾝｸﾞ BB6007,BB6007,BB6007,4,226.0,904,30200.0,LTD3F, 57557,51
20230207,20230207,124,ﾋﾗﾉ,株式会社ヒラノ,補用,30323241,ﾍﾞﾔﾘﾝｸﾞ  BB6011LL(ﾀｲﾈﾂｸﾞﾘ,BB6011LL,BB6011LL,10,900.0,9000,30300.0,LPRH-6, 57582,51
20230207,20230207,124,ﾋﾗﾉ,株式会社ヒラノ,補用,30323241,ﾍﾞﾔﾘﾝｸﾞ  BB6011LL(ﾀｲﾈﾂｸﾞﾘ,BB6011LL,BB6011LL,10,900.0,9000,30300.0,LPRH-6, 57581,51
20230207,20230207,124,ﾋﾗﾉ,株式会社ヒラノ,補用,3022286,ﾍﾞﾔﾘﾝｸﾞ BB6007,BB6007,BB6007,4,226.0,904,30200.0,LTD3F, 57555,51
20230207,20230207,282,ﾅｶﾔﾏｺﾞｳｷﾝ,株式会社中山合金鋳造所,補用,3033530,ﾄﾞﾗﾑﾌﾀ,LPRH6-24204-1,LPRH6-24204-1,40,315.07,12603,30300.0,LPRH-6, 57974,51
20230207,20230207,282,ﾅｶﾔﾏｺﾞｳｷﾝ,株式会社中山合金鋳造所,補用,3033530,ﾄﾞﾗﾑﾌﾀ,LPRH6-24204-1,LPRH6-24204-1,40,315.07,12603,30300.0,LPRH-6, 57975,51
20230207,20230207,282,ﾅｶﾔﾏｺﾞｳｷﾝ,株式会社中山合金鋳造所,補用,30603322,ｺﾝﾍﾞｱｹｰｽ L H28/6,RX6-21104(4)L,RX6-21104(4)L,10,643.52,6436,30600.0,X-4, 57979,51
20230207,20230207,156,ﾐﾉﾙｶｾｲ,みのる化成株式会社,,3250193,ｾﾝｼﾞｮｳﾀﾝｸCP(LSC4)(ｼﾓｲﾁ)(P,LSC-4101(2)+B (P242),LSC-4101(2)+B,150,1465.0,219750,32500.0,LSC-2(M), 53163,51
20230207,20230207,156,ﾐﾉﾙｶｾｲ,みのる化成株式会社,,3024062H,ﾖﾋﾞﾅｴﾀﾞｲ(ﾎﾜｲﾄ)ﾊｺ15ｲﾘｲﾘ(ﾑｻ,LTP6-5502(4)+Aﾊｺ15ｲﾘP2971,LTP6-5502(4)+A,1140,95.0,108300,30200.0,LTD3F, 53120,51
20230207,20230207,156,ﾐﾉﾙｶｾｲ,みのる化成株式会社,,3024059,ｸﾄﾞｳﾌﾟ-ﾘ- (ﾑｻ),LTP-3501-2 (P140),LTP-3501-2,1800,16.0,28800,30200.0,LTD3F, 53116,51
